Frequency ranking,Lexeme,Standard Orthography (in newspapers),Standard Reading (in Hiragana),Part of speech
,為る,する,する,Verb
,居る,いる,いる,Verb
,有る,ある,ある,Verb
,言う,いう,いう,Verb
,事,こと,こと,Noun
,成る,なる,なる,Verb
,無い,ない,ない,Adjective (-i)
,様,よう,よう,Adjectival Noun
,其の,その,その,Determiner
,一,一,いち,Noun
,物,もの,もの,Noun
30,人,人,ひと,Noun
,其れ,それ,それ,Pronoun
,此の,この,この,Determiner
,二,二,に,Noun
,来る,来る,くる,Verb
39,思う,思う,おもう,Verb
,行く,いく,いく,Verb
,三,三,さん,Noun
,何,何,なに,Pronoun
,見る,見る,みる,Verb
,良い,よい,よい,Adjective (-i)
,出来る,できる,できる,Verb
,私■代名詞,わたし,わたし,Pronoun
48,時,時,とき,Noun
50,そう,そう,そう,Adverb
,十,十,じゅう,Noun
53,此れ,これ,これ,Pronoun
55,方,方,ほう,Noun
59,中,中,ちゅう,Noun
,五,五,ご,Noun
63,所,ところ,ところ,Noun
,拠る,よる,よる,Verb
,四,四,よん,Noun
67,為,ため,ため,Noun
69,どう,どう,どう,Adverb
70,自分,自分,じぶん,Noun
,日本,日本,にっぽん,Noun
,日,日,ひ,Noun
,仕舞う,しまう,しまう,Verb
80,彼,彼,かれ,Pronoun
81,千,千,せん,Noun
,分かる,わかる,わかる,Verb
,持つ,持つ,もつ,Verb
,考える,考える,かんがえる,Verb
,二十,二十,にじゅう,Noun
88,今,今,いま,Noun
,六,六,ろく,Noun
,遣る,やる,やる,Verb
,出る,出る,でる,Verb
95,場合,場合,ばあい,Noun
96,前,前,まえ,Noun
,就く,つく,つく,Verb
,八,八,はち,Noun
,七,七,なな,Noun
102,上,うえ,うえ,Noun
,取る,とる,とる,Verb
,聞く,聞く,きく,Verb
109,家,家,いえ,Noun
,下さる,下さる,くださる,Verb
112,気,気,き,Noun
,知る,知る,しる,Verb
,九,九,きゅう,Noun
116,呉れる,くれる,くれる,Verb
117,内,うち,うち,Noun
118,九百,九百,きゅうひゃく,Noun
,三十,三十,さんじゅう,Noun
,入る,入る,はいる,Verb
,置く,置く／おく,おく,Verb
,使う,使う,つかう,Verb
123,他,他,た／ほか,Noun
124,子供,子ども,こども,Noun
126,間,間,あいだ,Noun
129,もう,もう,もう,Adverb
130,其処,そこ,そこ,Pronoun
131,問題,問題,もんだい,Noun
132,訳,わけ,わけ,Noun
,対する,対する,たいする,Verb
134,必要,必要,ひつよう,Noun
135,度,度,ど,Noun
136,同じ,同じ,おなじ,Determiner
137,此処,ここ,ここ,Pronoun
138,手,手,て,Noun
139,多い,多い,おおい,Adjective (-i)
140,時間,時間,じかん,Noun
,於く,おく,おく,Verb
,出す,出す,だす,Verb
144,人間,人間,にんげん,Noun
,私,わたし,わたし,Pronoun
147,貴方,あなた,あなた,Pronoun
148,万,万,まん,Noun
149,こう,こう,こう,Adverb
150,関係,関係,かんけい,Noun
151,話,話,はなし,Noun
152,国,国,くに,Noun
,作る,つくる,つくる,Verb
154,男,男,おとこ,Noun
155,百,百,ひゃく,Noun
156,社会,社会,しゃかい,Noun
157,そんな,そんな,そんな,Determiner
158,僕,僕,ぼく,Pronoun
,行う,行う,おこなう,Verb
160,顔,顔,かお,Noun
,五十,五十,ごじゅう,Noun
,知れる,知れる,しれる,Verb
163,次,次,つぎ,Noun
164,良く,よく,よく,Adverb
166,言葉,言葉,ことば,Noun
,書く,書く,かく,Verb
,付ける,つける,つける,Verb
170,子,子,こ,Noun
,四十,四十,よんじゅう,Noun
172,意味,意味,いみ,Noun
173,侭,まま,まま,Noun
174,力,力,ちから,Noun
,貰う,もらう,もらう,Verb
,教える,教える,おしえる,Verb
177,心,心,こころ,Noun
,掛ける,かける,かける,Verb
180,時代,時代,じだい,Noun
181,彼女,彼女,かのじょ,Pronoun
182,世界,世界,せかい,Noun
,得る,得る,える,Verb
,九十,九十,きゅうじゅう,Noun
185,誰,だれ,だれ,Pronoun
186,何時,いつ,いつ,Pronoun
187,何処,どこ,どこ,Pronoun
188,女,女,おんな,Noun
189,会社,会社,かいしゃ,Noun
190,声,声,こえ,Noun
191,仕事,仕事,しごと,Noun
194,共,とも,とも,Noun
,見える,見える,みえる,Verb
197,一人,一人,ひとり,Noun
198,皆,みな,みな,Noun
199,未だ,まだ,まだ,Adverb
200,下,下,した,Noun
201,数,数,すう,Noun
,六十,六十,ろくじゅう,Noun
,入れる,入れる,いれる,Verb
205,以上,以上,いじょう,Noun
206,生活,生活,せいかつ,Noun
207,会,会,かい,Noun
209,二人,二人,ふたり,Noun
,八十,八十,はちじゅう,Noun
211,頃,ころ,ころ,Noun
212,女性,女性,じょせい,Noun
213,少し,少し,すこし,Adverb
,受ける,受ける,うける,Verb
216,先,先,さき,Noun
217,法,法,ほう,Noun
218,高い,高い,たかい,Adjective (-i)
220,俺,おれ,おれ,Pronoun
223,全て,すべて,すべて,Noun
,付く,つく,つく,Verb
225,可能,可能,かのう,Adjectival Noun
226,相手,相手,あいて,Noun
227,大きい,大きい,おおきい,Adjective (-i)
228,本当,本当,ほんとう,Noun
229,余り,あまり,あまり,Adverb
230,学校,学校,がっこう,Noun
231,点,点,てん,Noun
,違う,違う,ちがう,Verb
,始める,始める,はじめる,Verb
,呼ぶ,呼ぶ,よぶ,Verb
235,母,母,はは,Noun
,上げる,あげる,あげる,Verb
237,零,0,れい,Noun
,七十,七十,ななじゅう,Noun
240,アメリカ,アメリカ,あめりか,Noun
241,形,形,かたち,Noun
,過ぎる,すぎる,すぎる,Verb
244,方法,方法,ほうほう,Noun
245,悪い,悪い,わるい,Adjective (-i)
246,筈,はず,はず,Noun
247,直ぐ,すぐ,すぐ,Adverb
248,企業,企業,きぎょう,Noun
249,情報,情報,じょうほう,Noun
250,唯,ただ,ただ,Adverb
251,研究,研究,けんきゅう,Noun
253,こんな,こんな,こんな,Determiner
254,大きな,大きな,おおきな,Determiner
,感ずる,感ずる,かんずる,Verb
256,頭,頭,あたま,Noun
,続ける,続ける,つづける,Verb
258,通り,通り,とおり,Noun
259,何の,どの,どの,Determiner
,食べる,食べる,たべる,Verb
262,先生,先生,せんせい,Noun
263,生,生,なま,Noun
264,存在,存在,そんざい,Noun
265,強い,強い,つよい,Adjective (-i)
266,名,名,な,Noun
268,矢張り,やはり,やはり,Adverb
269,経済,経済,けいざい,Noun
272,大学,大学,だいがく,Noun
273,父,父,ちち,Noun
274,店,店,みせ,Noun
275,別,別,べつ,Noun
276,口,口,くち,Noun
278,質問,質問,しつもん,Noun
,掛かる,かかる,かかる,Verb
280,何故,なぜ,なぜ,Adverb
281,現在,現在,げんざい,Noun
282,先ず,まず,まず,Adverb
,変わる,変わる,かわる,Verb
285,市,市,し,Noun
286,例えば,例えば,たとえば,Adverb
,読む,読む,よむ,Verb
288,中国,中国,ちゅうごく,Noun
289,語,語,ご,Noun
290,水,水,みず,Noun
,買う,買う,かう,Verb
292,詰まり,つまり,つまり,Adverb
293,電話,電話,でんわ,Noun
294,二千,二千,にせん,Noun
294,少ない,少ない,すくない,Adjective (-i)
,生きる,生きる,いきる,Verb
298,気持ち,気持ち,きもち,Noun
299,全く,全く,まったく,Adverb
300,結果,結果,けっか,Noun
301,主義,主義,しゅぎ,Noun
302,側,側,がわ,Noun
303,地,地,ち,Noun
305,長い,長い,ながい,Adjective (-i)
,切る,切る,きる,Verb
307,どんな,どんな,どんな,Adjectival Noun
308,今日,今日,きょう,Noun
309,一寸,ちょっと,ちょっと,Adverb
309,教育,教育,きょういく,Noun
311,県,県,けん,Noun
,立つ,立つ,たつ,Verb
313,彼の,あの,あの,Determiner
314,道,道,みち,Noun
315,トウキョウ,トウキョウ,とうきょう,Noun
316,何れ,いずれ,いずれ,Pronoun
317,二百,二百,にひゃく,Noun
318,好き,好き,すき,Adjectival Noun
319,或る,ある,ある,Determiner
320,殆ど,ほとんど,ほとんど,Noun
321,山,山,やま,Noun
323,帰る,帰る,かえる,Verb
324,話す,話す,はなす,Verb
325,風,風,かぜ,Noun
326,みたい,みたい,みたい,Adjectival Noun
327,若し,もし,もし,Adverb
328,場,場,ば,Noun
329,人々,人々,ひとびと,Noun
330,姿,姿,すがた,Noun
332,一緒,一緒,いっしょ,Noun
333,状態,状態,じょうたい,Noun
334,自然,自然,しぜん,Noun
335,特に,特に,とくに,Adverb
,飲む,飲む,のむ,Verb
338,部屋,部屋,へや,Noun
339,部分,部分,ぶぶん,Noun
340,実,実,じつ,Noun
341,示す,示す,しめす,Verb
342,学,学,がく,Noun
343,新しい,新しい,あたらしい,Adjective (-i)
344,多く,多く,おおく,Noun
345,関する,関する,かんする,Verb
346,活動,活動,かつどう,Noun
347,与える,与える,あたえる,Verb
348,事件,事件,じけん,Noun
349,勿論,もちろん,もちろん,Adverb
350,既に,すでに,すでに,Adverb
351,利用,利用,りよう,Noun
352,一般,一般,いっぱん,Noun
353,一番,一番,いちばん,Adverb
355,最初,最初,さいしょ,Noun
356,実際,実際,じっさい,Noun
357,確か,確か,たしか,Adjectival Noun
358,地域,地域,ちいき,Noun
360,理由,理由,りゆう,Noun
361,説明,説明,せつめい,Noun
362,身,身,み,Noun
363,政治,政治,せいじ,Noun
364,頂く,いただく,いただく,Verb
365,神,神,かみ,Noun
366,場所,場所,ばしょ,Noun
368,戻る,戻る,もどる,Verb
369,早い,早い,はやい,Adjective (-i)
370,評価,評価,ひょうか,Noun
371,普通,普通,ふつう,Noun
372,開く,開く,ひらく,Verb
373,音,音,おと,Noun
374,死ぬ,死ぬ,しぬ,Verb
375,従う,従う,したがう,Verb
376,図,図,ず,Noun
377,止める,やめる,やめる,Verb
378,願う,願う,ねがう,Verb
381,甘い,甘い,あまい,Adjective (-i)
383,若い,若い,わかい,Adjective (-i)
384,内容,内容,ないよう,Noun
385,条,条,じょう,Noun
387,歩く,歩く,あるく,Verb
388,待つ,待つ,まつ,Verb
389,欲しい,欲しい,ほしい,Adjective (-i)
390,労働,労働,ろうどう,Noun
391,自由,自由,じゆう,Noun
392,違い,違い,ちがい,Noun
392,外,外,そと,Noun
394,求める,求める,もとめる,Verb
395,当時,当時,とうじ,Noun
396,初めて,初めて,はじめて,Adverb
397,自身,自身,じしん,Noun
399,何方,どちら,どちら,Pronoun
400,意識,意識,いしき,Noun
401,事業,事業,じぎょう,Noun
402,深い,深い,ふかい,Adjective (-i)
403,重要,重要,じゅうよう,Adjectival Noun
404,結婚,結婚,けっこん,Noun
405,状況,状況,じょうきょう,Noun
406,文化,文化,ぶんか,Noun
407,使用,使用,しよう,Noun
410,夜,夜,よる,Noun
411,可成,かなり,かなり,Adverb
412,理解,理解,りかい,Noun
413,戦争,戦争,せんそう,Noun
413,制度,制度,せいど,Noun
415,家族,家族,かぞく,Noun
416,認める,認める,みとめる,Verb
417,会う,会う,あう,Verb
418,最近,最近,さいきん,Noun
419,程度,程度,ていど,Noun
420,色々,いろいろ,いろいろ,Adverb
423,続く,続く,つづく,Verb
424,八百,八百,はっぴゃく,Noun
426,型,型,かた,Noun
428,以外,以外,いがい,Noun
428,個人,個人,こじん,Noun
430,村,村,むら,Noun
432,例,例,れい,Noun
433,親,親,おや,Noun
434,歴史,歴史,れきし,Noun
435,向かう,向かう,むかう,Verb
436,中心,中心,ちゅうしん,Noun
437,生まれる,生まれる,うまれる,Verb
438,最も,最も,もっとも,Adverb
439,目的,目的,もくてき,Noun
440,元,元,もと,Noun
441,御前,お前,おまえ,Pronoun
442,感,感,かん,Noun
443,昭和,昭和,しょうわ,Noun
444,見せる,見せる,みせる,Verb
445,迚も,とても,とても,Adverb
446,環境,環境,かんきょう,Noun
447,政府,政府,せいふ,Noun
449,技術,技術,ぎじゅつ,Noun
450,此方,こちら,こちら,Pronoun
451,当たる,当たる,あたる,Verb
452,終わる,終わる,おわる,Verb
453,其々,それぞれ,それぞれ,Noun
454,最後,最後,さいご,Noun
456,行動,行動,こうどう,Noun
458,色,色,いろ,Noun
459,一方,一方,いっぽう,Noun
460,基本,基本,きほん,Noun
461,写真,写真,しゃしん,Noun
462,感じ,感じ,かんじ,Noun
463,乗る,乗る,のる,Verb
465,残る,残る,のこる,Verb
466,事実,事実,じじつ,Noun
467,名前,名前,なまえ,Noun
468,運動,運動,うんどう,Noun
469,足,足,あし,Noun
470,述べる,述べる,のべる,Verb
471,昔,昔,むかし,Noun
472,十分,十分,じゅうぶん,Adjectival Noun
473,君■代名詞,君,きみ,Pronoun
474,もっと,もっと,もっと,Adverb
475,変化,変化,へんか,Noun
476,保険,保険,ほけん,Noun
477,地方,地方,ちほう,Noun
478,世紀,世紀,せいき,Noun
479,管理,管理,かんり,Noun
482,新聞,新聞,しんぶん,Noun
482,客,客,きゃく,Noun
484,国民,国民,こくみん,Noun
485,精神,精神,せいしん,Noun
486,娘,娘,むすめ,Noun
487,全体,全体,ぜんたい,Noun
487,病院,病院,びょういん,Noun
489,御座る,ござる,ござる,Verb
490,我々,我々,われわれ,Pronoun
491,立てる,立てる,たてる,Verb
491,調査,調査,ちょうさ,Noun
494,必ず,必ず,かならず,Adverb
497,経験,経験,けいけん,Noun
498,論,論,ろん,Noun
499,効果,効果,こうか,Noun
500,答える,答える,こたえる,Verb
502,働く,働く,はたらく,Verb
503,組織,組織,そしき,Noun
504,経営,経営,けいえい,Noun
506,行為,行為,こうい,Noun
507,メール■mail,メール,めーる,Noun
508,送る,送る,おくる,Verb
509,始まる,始まる,はじまる,Verb
510,五百,五百,ごひゃく,Noun
511,国家,国家,こっか,Noun
512,責任,責任,せきにん,Noun
515,自己,自己,じこ,Noun
516,奴,奴,やつ,Noun
517,影響,影響,えいきょう,Noun
518,軍,軍,ぐん,Noun
519,含む,含む,ふくむ,Verb
521,起こる,起こる,おこる,Verb
522,海,海,うみ,Noun
523,関わる,かかわる,かかわる,Verb
525,様々,さまざま,さまざま,Adjectival Noun
526,忘れる,忘れる,わすれる,Verb
527,三百,三百,さんびゃく,Noun
529,商品,商品,しょうひん,Noun
530,嫌,いや,いや,Adjectival Noun
531,済む,すむ,すむ,Verb
532,笑う,笑う,わらう,Verb
533,機能,機能,きのう,Noun
534,夫,夫,おっと,Noun
536,計画,計画,けいかく,Noun
537,為さる,なさる,なさる,Verb
538,式,式,しき,Noun
539,生産,生産,せいさん,Noun
540,変える,変える,かえる,Verb
541,花,花,はな,Noun
542,同時,同時,どうじ,Noun
543,引く,引く,ひく,Verb
544,対象,対象,たいしょう,Noun
545,辺り,あたり,あたり,Noun
546,沢山,たくさん,たくさん,Adverb
547,船,船,ふね,Noun
548,男性,男性,だんせい,Noun
549,売る,売る,うる,Verb
550,進む,進む,すすむ,Verb
551,渡る,渡る,わたる,Verb
552,当然,当然,とうぜん,Adverb
553,選ぶ,選ぶ,えらぶ,Verb
555,価値,価値,かち,Noun
556,思い,思い,おもい,Noun
557,大変,大変,たいへん,Adjectival Noun
558,表現,表現,ひょうげん,Noun
559,量,量,りょう,Noun
560,小さな,小さな,ちいさな,Determiner
561,テレビ,テレビ,てれび,Noun
562,確認,確認,かくにん,Noun
563,走る,走る,はしる,Verb
564,妻,妻,つま,Noun
565,以前,以前,いぜん,Noun
566,銀行,銀行,ぎんこう,Noun
567,現われる,現れる,あらわれる,Verb
567,我が,わが,わが,Determiner
570,住む,住む,すむ,Verb
571,文字,文字,もじ,Noun
572,簡単,簡単,かんたん,Adjectival Noun
573,木,木,き,Noun
574,奥,奥,おく,Noun
575,現実,現実,げんじつ,Noun
577,判断,判断,はんだん,Noun
578,都市,都市,とし,Noun
579,川,川,かわ,Noun
579,近く,近く,ちかく,Noun
581,面,面,めん,Noun
584,駄目,ダメ,だめ,Noun
585,システム,システム,しすてむ,Noun
586,時期,時期,じき,Noun
587,機関,機関,きかん,Noun
588,表,表,ひょう,Noun
588,彼れ,あれ,あれ,Pronoun
590,光,光,ひかり,Noun
591,条件,条件,じょうけん,Noun
592,伝える,伝える,つたえる,Verb
593,動く,動く,うごく,Verb
594,役,役,やく,Noun
595,率,率,りつ,Noun
596,決める,決める,きめる,Verb
597,首,首,くび,Noun
598,作品,作品,さくひん,Noun
600,明治,明治,めいじ,Noun
601,際,際,さい,Noun
602,友達,友達,ともだち,Noun
603,エド,江戸,えど,Noun
604,市場,市場,しじょう,Noun
605,勧める,勧める,すすめる,Verb
606,猶,なお,なお,Adverb
607,気付く,気づく,きづく,Verb
608,描く,描く,えがく,Verb
609,明らか,明らか,あきらか,Adjectival Noun
610,幾,いく,いく,Noun
611,積り,つもり,つもり,Noun
612,以下,以下,いか,Noun
612,決定,決定,けってい,Noun
614,夢,夢,ゆめ,Noun
617,覚える,覚える,おぼえる,Verb
619,酒,酒,さけ,Noun
621,章,章,しょう,Noun
622,打つ,打つ,うつ,Verb
623,天皇,天皇,てんのう,Noun
624,心配,心配,しんぱい,Noun
625,近い,近い,ちかい,Adjective (-i)
625,非常,非常,ひじょう,Adjectival Noun
627,国際,国際,こくさい,Noun
628,対応,対応,たいおう,Noun
629,土地,土地,とち,Noun
630,小さい,小さい,ちいさい,Adjective (-i)
631,成す,なす,なす,Verb
632,原因,原因,げんいん,Noun
633,注意,注意,ちゅうい,Noun
634,毎日,毎日,まいにち,Noun
635,警察,警察,けいさつ,Noun
636,人生,人生,じんせい,Noun
637,逆,逆,ぎゃく,Noun
639,死,死,し,Noun
639,患者,患者,かんじゃ,Noun
641,裁判,裁判,さいばん,Noun
642,開ける,開ける,あける,Verb
642,自ら,自ら,みずから,Noun
644,期間,期間,きかん,Noun
645,今度,今度,こんど,Noun
646,大切,大切,たいせつ,Adjectival Noun
647,紹介,紹介,しょうかい,Noun
648,向ける,向ける,むける,Verb
649,難しい,難しい,むずかしい,Adjective (-i)
650,殺す,殺す,ころす,Verb
651,凄い,すごい,すごい,Adjective (-i)
653,語る,語る,かたる,Verb
654,信ずる,信ずる,しんずる,Verb
655,幾ら,いくら,いくら,Adverb
656,額,額,ひたい,Noun
657,はっきり,はっきり,はっきり,Adverb
658,絶対,絶対,ぜったい,Noun
660,ずっと,ずっと,ずっと,Adverb
661,意見,意見,いけん,Noun
662,合わせる,合わせる,あわせる,Verb
663,能力,能力,のうりょく,Noun
664,家庭,家庭,かてい,Noun
665,一体,一体,いったい,Noun
666,指導,指導,しどう,Noun
667,自動,自動,じどう,Noun
668,委員,委員,いいん,Noun
669,用いる,用いる,もちいる,Verb
670,連絡,連絡,れんらく,Noun
671,始め,はじめ,はじめ,Noun
672,主人,主人,しゅじん,Noun
673,連れる,連れる,つれる,Verb
678,構造,構造,こうぞう,Noun
679,政策,政策,せいさく,Noun
680,サービス,サービス,さーびす,Noun
681,母親,母親,ははおや,Noun
682,フランス,フランス,ふらんす,Noun
683,異なる,異なる,ことなる,Verb
684,治療,治療,ちりょう,Noun
685,面白い,面白い,おもしろい,Adjective (-i)
686,様子,様子,ようす,Noun
687,限り,限り,かぎり,Noun
688,直接,直接,ちょくせつ,Adverb
689,料理,料理,りょうり,Noun
690,無理,無理,むり,Noun
692,胸,胸,むね,Noun
693,離れる,離れる,はなれる,Verb
694,反対,反対,はんたい,Noun
698,残す,残す,のこす,Verb
699,探す,探す,さがす,Verb
700,広い,広い,ひろい,Adjective (-i)
700,至る,至る,いたる,Verb
702,経つ,経つ,たつ,Verb
703,似る,似る,にる,Verb
704,参加,参加,さんか,Noun
705,報告,報告,ほうこく,Noun
706,薬,薬,くすり,Noun
709,事務,事務,じむ,Noun
709,回答,回答,かいとう,Noun
711,同様,同様,どうよう,Adjectival Noun
712,守る,守る,まもる,Verb
713,不安,不安,ふあん,Noun
714,困る,困る,こまる,Verb
715,ドイツ,ドイツ,どいつ,Noun
716,相談,相談,そうだん,Noun
717,加える,加える,くわえる,Verb
718,一部,一部,いちぶ,Noun
719,取り引き,取引,とりひき,Noun
720,調べる,調べる,しらべる,Verb
721,暫く,しばらく,しばらく,Adverb
722,外国,外国,がいこく,Noun
723,設定,設定,せってい,Noun
724,耳,耳,みみ,Noun
725,駅,駅,えき,Noun
727,七百,七百,ななひゃく,Noun
728,専門,専門,せんもん,Noun
729,出品,出品,しゅっぴん,Noun
730,病気,病気,びょうき,Noun
731,まあ,まあ,まあ,Adverb
732,生ずる,生ずる,しょうずる,Verb
733,驚く,驚く,おどろく,Verb
735,契約,契約,けいやく,Noun
736,開発,開発,かいはつ,Noun
737,規定,規定,きてい,Noun
739,失う,失う,うしなう,Verb
740,支配,支配,しはい,Noun
741,合う,合う,あう,Verb
742,無くなる,なくなる,なくなる,Verb
743,増える,増える,ふえる,Verb
745,歌,歌,うた,Noun
746,発生,発生,はっせい,Noun
747,映画,映画,えいが,Noun
748,六百,六百,ろっぴゃく,Noun
750,四百,四百,よんひゃく,Noun
751,上がる,上がる,あがる,Verb
753,中々,なかなか,なかなか,Adverb
754,無し,なし,なし,Noun
755,美しい,美しい,うつくしい,Adjective (-i)
756,食事,食事,しょくじ,Noun
757,選択,選択,せんたく,Noun
758,障害,障害,しょうがい,Noun
759,結局,結局,けっきょく,Noun
759,代表,代表,だいひょう,Noun
763,起きる,起きる,おきる,Verb
764,座る,座る,すわる,Verb
765,少年,少年,しょうねん,Noun
765,聞こえる,聞こえる,きこえる,Verb
767,友人,友人,ゆうじん,Noun
768,具体,具体,ぐたい,Noun
769,局,局,きょく,Noun
770,右,右,みぎ,Noun
771,完全,完全,かんぜん,Adjectival Noun
772,成長,成長,せいちょう,Noun
773,人物,人物,じんぶつ,Noun
773,身体,身体,しんたい,Noun
775,息子,息子,むすこ,Noun
776,位置,位置,いち,Noun
777,白い,白い,しろい,Adjective (-i)
779,ホテル,ホテル,ほてる,Noun
780,立場,立場,たちば,Noun
781,低い,低い,ひくい,Adjective (-i)
782,主,主,ぬし,Noun
783,互い,互い,たがい,Noun
784,勉強,勉強,べんきょう,Noun
785,思い出す,思い出す,おもいだす,Verb
786,許す,許す,ゆるす,Verb
787,音楽,音楽,おんがく,Noun
788,オオサカ,大阪,おおさか,Noun
789,落ちる,落ちる,おちる,Verb
790,大丈夫,大丈夫,だいじょうぶ,Adjectival Noun
791,王,王,おう,Noun
792,表示,表示,ひょうじ,Noun
793,決して,決して,けっして,Adverb
794,繰り返す,繰り返す,くりかえす,Verb
795,利益,利益,りえき,Noun
796,科学,科学,かがく,Noun
797,作業,作業,さぎょう,Noun
797,期待,期待,きたい,Noun
799,軈て,やがて,やがて,Adverb
800,兄,兄,あに,Noun
801,宗教,宗教,しゅうきょう,Noun
802,回る,回る,まわる,Verb
803,起こす,起こす,おこす,Verb
804,奇麗,きれい,きれい,Adjectival Noun
805,常,常,つね,Noun
806,落札,落札,らくさつ,Noun
807,如何に,いかに,いかに,Adverb
808,石,石,いし,Noun
809,中央,中央,ちゅうおう,Noun
809,主張,主張,しゅちょう,Noun
809,項,項,こう,Noun
812,寧ろ,むしろ,むしろ,Adverb
814,段階,段階,だんかい,Noun
816,犬,犬,いぬ,Noun
817,保護,保護,ほご,Noun
819,イギリス,イギリス,いぎりす,Noun
820,楽しい,楽しい,たのしい,Adjective (-i)
821,学生,学生,がくせい,Noun
821,種類,種類,しゅるい,Noun
823,因み,ちなみ,ちなみ,Noun
824,台,台,だい,Noun
825,消費,消費,しょうひ,Noun
825,通ずる,通ずる,つうずる,Verb
827,決まる,決まる,きまる,Verb
828,比べる,比べる,くらべる,Verb
828,寝る,寝る,ねる,Verb
830,周り,周り,まわり,Noun
831,限る,限る,かぎる,Verb
831,特別,特別,とくべつ,Adjectival Noun
833,データ,データ,でーた,Noun
834,所為,せい,せい,Noun
835,比較,比較,ひかく,Noun
836,高校,高校,こうこう,Noun
837,振る,降る,ふる,Verb
838,嬉しい,うれしい,うれしい,Adjective (-i)
839,酷い,ひどい,ひどい,Adjective (-i)
840,知識,知識,ちしき,Noun
840,危険,危険,きけん,Noun
842,資本,資本,しほん,Noun
843,生徒,生徒,せいと,Noun
844,価格,価格,かかく,Noun
845,税,税,ぜい,Noun
846,古い,古い,ふるい,Adjective (-i)
846,現代,現代,げんだい,Noun
848,表わす,表す,あらわす,Verb
849,億,億,おく,Noun
850,発展,発展,はってん,Noun
851,通す,通す,とおす,Verb
852,構成,構成,こうせい,Noun
853,城,城,しろ,Noun
854,方向,方向,ほうこう,Noun
855,丸で,まるで,まるで,Adverb
856,産業,産業,さんぎょう,Noun
857,処理,処理,しょり,Noun
858,発見,発見,はっけん,Noun
859,同,同,どう,Noun
860,行政,行政,ぎょうせい,Noun
861,安い,やすい,やすい,Adjective (-i)
862,致す,いたす,いたす,Verb
863,一杯,いっぱい,いっぱい,Adverb
865,基づく,基づく,もとづく,Verb
866,認識,認識,にんしき,Noun
867,動き,動き,うごき,Noun
868,考え,考え,かんがえ,Noun
869,腰,腰,こし,Noun
870,消える,消える,きえる,Verb
871,恐らく,おそらく,おそらく,Adverb
872,結構,結構,けっこう,Adverb
873,故,ゆえ,ゆえ,Noun
874,嘗て,かつて,かつて,Adverb
875,基準,基準,きじゅん,Noun
876,表情,表情,ひょうじょう,Noun
876,尋ねる,尋ねる,たずねる,Verb
878,街,街,まち,Noun
878,購入,購入,こうにゅう,Noun
880,年金,年金,ねんきん,Noun
880,小説,小説,しょうせつ,Noun
882,金融,金融,きんゆう,Noun
883,権利,権利,けんり,Noun
883,文,文,ぶん,Noun
885,解決,解決,かいけつ,Noun
886,紙,紙,かみ,Noun
887,施設,施設,しせつ,Noun
888,区,区,く,Noun
889,性格,性格,せいかく,Noun
889,英語,英語,えいご,Noun
891,馬鹿,バカ,ばか,Noun
892,半,半,はん,Noun
893,器,器,うつわ,Noun
894,見付ける,見つける,みつける,Verb
895,本人,本人,ほんにん,Noun
896,美味しい,おいしい,おいしい,Adjective (-i)
897,正しい,正しい,ただしい,Adjective (-i)
897,触れる,触れる,ふれる,Verb
897,参照,参照,さんしょう,Noun
900,再び,再び,ふたたび,Adverb
900,絵,絵,え,Noun
902,記憶,記憶,きおく,Noun
903,動物,動物,どうぶつ,Noun
905,父親,父親,ちちおや,Noun
906,役割,役割,やくわり,Noun
907,自体,自体,じたい,Noun
909,思想,思想,しそう,Noun
911,払う,払う,はらう,Verb
912,急,急,きゅう,Noun
912,遊ぶ,遊ぶ,あそぶ,Verb
914,イメージ,イメージ,いめーじ,Noun
914,頼む,頼む,たのむ,Verb
916,過去,過去,かこ,Noun
918,詳しい,詳しい,くわしい,Adjective (-i)
919,頑張る,頑張る,がんばる,Verb
921,不思議,不思議,ふしぎ,Noun
921,法律,法律,ほうりつ,Noun
924,医療,医療,いりょう,Noun
924,抱く,抱く,いだく,Verb
926,略,略,りゃく,Adverb
927,住宅,住宅,じゅうたく,Noun
928,改革,改革,かいかく,Noun
929,横,横,よこ,Noun
930,次第,次第,しだい,Noun
931,激しい,激しい,はげしい,Adjective (-i)
932,楽しむ,楽しむ,たのしむ,Verb
933,値,値,あたい,Noun
935,投資,投資,とうし,Noun
936,成功,成功,せいこう,Noun
936,健康,健康,けんこう,Noun
938,他人,他人,たにん,Noun
939,大事,大事,だいじ,Adjectival Noun
940,実現,実現,じつげん,Noun
941,努力,努力,どりょく,Noun
942,記録,記録,きろく,Noun
943,腕,腕,うで,Noun
944,計算,計算,けいさん,Noun
944,大人,大人,おとな,Noun
946,流れる,流れる,ながれる,Verb
947,言語,言語,げんご,Noun
948,安全,安全,あんぜん,Noun
949,多分,たぶん,たぶん,Adverb
950,間違い,間違い,まちがい,Noun
951,教授,教授,きょうじゅ,Noun
952,全部,全部,ぜんぶ,Noun
953,気分,気分,きぶん,Noun
955,ヨーロッパ,ヨーロッパ,よーろっぱ,Noun
956,怖い,怖い,こわい,Adjective (-i)
957,捨てる,捨てる,すてる,Verb
958,旅行,旅行,りょこう,Noun
959,レベル,レベル,れべる,Noun
960,着る,着る,きる,Verb
961,馬,馬,うま,Noun
962,批判,批判,ひはん,Noun
962,興味,興味,きょうみ,Noun
965,将来,将来,しょうらい,Noun
967,民族,民族,みんぞく,Noun
968,所謂,いわゆる,いわゆる,Determiner
968,命,いのち,いのち,Noun
968,夫婦,夫婦,ふうふ,Noun
971,火,火,ひ,Noun
972,僅か,わずか,わずか,Adverb
972,夏,夏,なつ,Noun
974,体験,体験,たいけん,Noun
974,厳しい,厳しい,きびしい,Adjective (-i)
976,参考,参考,さんこう,Noun
976,猫,猫,ねこ,Noun
978,正に,まさに,まさに,Adverb
978,迎える,迎える,むかえる,Verb
980,窓,窓,まど,Noun
981,空,空,そら,Noun
982,販売,販売,はんばい,Noun
984,タイプ■type,タイプ,たいぷ,Noun
984,全国,全国,ぜんこく,Noun
986,取れる,とれる,とれる,Verb
987,曲,曲,きょく,Noun
988,キョウト,京都,きょうと,Noun
988,血,血,ち,Noun
990,成立,成立,せいりつ,Noun
992,兎に角,とにかく,とにかく,Adverb
993,予定,予定,よてい,Noun
995,最高,最高,さいこう,Noun
996,展開,展開,てんかい,Noun
997,席,席,せき,Noun
998,担当,担当,たんとう,Noun
998,有名,有名,ゆうめい,Adjectival Noun
1000,確り,しっかり,しっかり,Adverb
1000,ドア,ドア,どあ,Noun
1002,特徴,特徴,とくちょう,Noun
1003,想像,想像,そうぞう,Noun
1004,癌,がん,がん,Noun
1005,辛い,辛い,つらい,Adjective (-i)
1006,手紙,手紙,てがみ,Noun
1007,敵,敵,てき,Noun
1007,資金,資金,しきん,Noun
1009,壁,壁,かべ,Noun
1010,東,東,ひがし,Noun
1010,仲間,仲間,なかま,Noun
1012,押す,押す,おす,Verb
1013,資料,資料,しりょう,Noun
1013,態度,態度,たいど,Noun
1015,グループ,グループ,ぐるーぷ,Noun
1016,超える,超える,こえる,Verb
1017,極めて,極めて,きわめて,Adverb
1018,都,都,と,Noun
1019,最大,最大,さいだい,Noun
1019,被害,被害,ひがい,Noun
1021,感情,感情,かんじょう,Noun
1023,以来,以来,いらい,Noun
1024,事情,事情,じじょう,Noun
1024,実施,実施,じっし,Noun
1026,歯,歯,は,Noun
1026,北,北,きた,Noun
1029,師,師,し,Noun
1030,急度,きっと,きっと,Adverb
1031,パソコン,パソコン,ぱそこん,Noun
1032,軽い,軽い,かるい,Adjective (-i)
1033,園,園,その,Noun
1035,知恵,知恵,ちえ,Noun
1037,新た,新た,あらた,Adjectival Noun
1038,建物,建物,たてもの,Noun
1039,肩,肩,かた,Noun
1039,集団,集団,しゅうだん,Noun
1041,老人,老人,ろうじん,Noun
1041,物語,物語,ものがたり,Noun
1043,検討,検討,けんとう,Noun
1044,ゆっくり,ゆっくり,ゆっくり,Adverb
1044,並ぶ,並ぶ,ならぶ,Verb
1046,定める,定める,さだめる,Verb
1047,学ぶ,学ぶ,まなぶ,Verb
1048,明日,明日,あす,Noun
1049,範囲,範囲,はんい,Noun
1050,サイト,サイト,さいと,Noun
1051,本来,本来,ほんらい,Noun
1051,要求,要求,ようきゅう,Noun
1054,優しい,やさしい,やさしい,Adjective (-i)
1054,検査,検査,けんさ,Noun
1056,年齢,年齢,ねんれい,Noun
1056,我,我,われ,Pronoun
1056,提供,提供,ていきょう,Noun
1059,ケース,ケース,けーす,Noun
1060,感覚,感覚,かんかく,Noun
1060,関連,関連,かんれん,Noun
1063,指,指,ゆび,Noun
1064,団体,団体,だんたい,Noun
1064,世,世,よ,Noun
1066,左,左,ひだり,Noun
1067,近代,近代,きんだい,Noun
1069,愛,愛,あい,Noun
1070,伯父,叔父,おじ,Noun
1071,反応,反応,はんのう,Noun
1072,韓国,韓国,かんこく,Noun
1073,代わり,代わり,かわり,Noun
1074,頷く,うなずく,うなずく,Verb
1075,分析,分析,ぶんせき,Noun
1075,市民,市民,しみん,Noun
1077,指摘,指摘,してき,Noun
1078,医師,医師,いし,Noun
1079,通る,通る,とおる,Verb
1079,作成,作成,さくせい,Noun
1081,罪,罪,つみ,Noun
1082,教師,教師,きょうし,Noun
1083,目標,目標,もくひょう,Noun
1083,運ぶ,運ぶ,はこぶ,Verb
1085,モデル,モデル,もでる,Noun
1086,文学,文学,ぶんがく,Noun
1087,伴う,伴う,ともなう,Verb
1088,広がる,広がる,ひろがる,Verb
1089,金額,金額,きんがく,Noun
1090,元々,もともと,もともと,Adverb
1090,魚,魚,さかな,Noun
1092,共同,共同,きょうどう,Noun
1093,付き合う,付き合う,つきあう,Verb
1093,差,差,さ,Noun
1095,泣く,泣く,なく,Verb
1096,ソフト,ソフト,そふと,Noun
1097,進める,進める,すすめる,Verb
1098,資産,資産,しさん,Noun
1098,ヤフー,ヤフー,やふー,Noun
1101,形成,形成,けいせい,Noun
1102,袋,袋,ふくろ,Noun
1102,神経,神経,しんけい,Noun
1104,アジア,アジア,あじあ,Noun
1105,ホーム■home,ホーム,ほーむ,Noun
1106,繋がる,つながる,つながる,Verb
1107,味,み,み,Noun
1109,以降,以降,いこう,Noun
1110,可愛い,かわいい,かわいい,Adjective (-i)
1111,社員,社員,しゃいん,Noun
1111,字,字,じ,Noun
1113,準備,準備,じゅんび,Noun
1114,安定,安定,あんてい,Noun
1115,挙げる,あげる,あげる,Verb
1116,捉える,とらえる,とらえる,Verb
1117,生命,生命,せいめい,Noun
1118,突然,突然,とつぜん,Adverb
1119,見詰める,見つめる,みつめる,Verb
1120,請求,請求,せいきゅう,Noun
1122,運転,運転,うんてん,Noun
1123,重い,重い,おもい,Adjective (-i)
1123,規模,規模,きぼ,Noun
1125,喜ぶ,喜ぶ,よろこぶ,Verb
1126,社長,社長,しゃちょう,Noun
1127,姉,姉,あね,Noun
1128,避ける,避ける,さける,Verb
1129,学習,学習,がくしゅう,Noun
1130,細胞,細胞,さいぼう,Noun
1131,工場,工場,こうじょう,Noun
1132,途中,途中,とちゅう,Noun
1133,エネルギー,エネルギー,えねるぎー,Noun
1134,弁護,弁護,べんご,Noun
1135,変,変,へん,Noun
1136,協力,協力,きょうりょく,Noun
1138,建設,建設,けんせつ,Noun
1138,負担,負担,ふたん,Noun
1138,会議,会議,かいぎ,Noun
1141,可笑しい,おかしい,おかしい,Adjective (-i)
1142,腹,腹,はら,Noun
1143,今後,今後,こんご,Noun
1143,距離,距離,きょり,Noun
1145,茶,茶,ちゃ,Noun
1146,登場,登場,とうじょう,Noun
1147,体制,体制,たいせい,Noun
1148,説,説,せつ,Noun
1149,ちゃんと,ちゃんと,ちゃんと,Adverb
1149,応ずる,応ずる,おうずる,Verb
1151,変更,変更,へんこう,Noun
1154,届く,届く,とどく,Verb
1154,近付く,近づく,ちかづく,Verb
1156,笑い,笑い,わらい,Noun
1158,道路,道路,どうろ,Noun
1159,平成,平成,へいせい,Noun
1160,株式,株式,かぶしき,Noun
1161,春,春,はる,Noun
1163,集まる,集まる,あつまる,Verb
1164,米,米,べい,Noun
1166,いらっしゃる,いらっしゃる,いらっしゃる,Verb
1167,宜しく,よろしく,よろしく,Adverb
1168,事故,事故,じこ,Noun
1169,後ろ,後,うしろ,Noun
1170,雪,雪,ゆき,Noun
1171,関心,関心,かんしん,Noun
1172,ポイント,ポイント,ぽいんと,Noun
1173,人口,人口,じんこう,Noun
1174,仕方,仕方,しかた,Noun
1174,携帯,携帯,けいたい,Noun
1177,作り,つくり,つくり,Noun
1177,戦後,戦後,せんご,Noun
1177,義務,義務,ぎむ,Noun
1177,憲法,憲法,けんぽう,Noun
1177,理論,理論,りろん,Noun
1182,希望,希望,きぼう,Noun
1183,匂い,におい,におい,Noun
1183,丸,丸,まる,Noun
1185,出掛ける,出かける,でかける,Verb
1187,削除,削除,さくじょ,Noun
1188,機会,機会,きかい,Noun
1188,眺める,眺める,ながめる,Verb
1190,勝手,勝手,かって,Noun
1191,通常,通常,つうじょう,Noun
1192,選手,選手,せんしゅ,Noun
1194,発表,発表,はっぴょう,Noun
1195,出版,出版,しゅっぱん,Noun
1196,日常,日常,にちじょう,Noun
1196,製品,製品,せいひん,Noun
1198,張る,張る／貼る,はる,Verb
1199,文章,文章,ぶんしょう,Noun
1200,女の子,女の子,おんなのこ,Noun
1201,含める,含める,ふくめる,Verb
1202,組,組,くみ,Noun
1204,丁度,ちょうど,ちょうど,Adverb
1205,独立,独立,どくりつ,Noun
1206,傾向,傾向,けいこう,Noun
1207,西,西,にし,Noun
1208,目指す,目指す,めざす,Verb
1209,南,南,みなみ,Noun
1209,メーカー,メーカー,めーかー,Noun
1211,元気,元気,げんき,Noun
1212,旅,旅,たび,Noun
1212,ファイル,ファイル,ふぁいる,Noun
1214,流れ,流れ,ながれ,Noun
1214,カード,カード,かーど,Noun
1216,否定,否定,ひてい,Noun
1218,葉,葉,は,Noun
1219,愛する,愛する,あいする,Verb
1220,息,息,いき,Noun
1220,攻撃,攻撃,こうげき,Noun
1222,相当,相当,そうとう,Adjectival Noun
1222,隠す,隠す,かくす,Verb
1224,集める,集める,あつめる,Verb
1224,食う,食う,くう,Verb
1226,放送,放送,ほうそう,Noun
1227,業務,業務,ぎょうむ,Noun
1227,基礎,基礎,きそ,Noun
1229,住民,住民,じゅうみん,Noun
1229,半分,半分,はんぶん,Noun
1231,飛ぶ,飛ぶ,とぶ,Verb
1232,維持,維持,いじ,Noun
1233,昨日,昨日,きのう,Noun
1235,婆,婆,ばあ,Noun
1236,件,件,けん,Noun
1237,特定,特定,とくてい,Noun
1238,白,白,しら,Noun
1239,国内,国内,こくない,Noun
1240,原則,原則,げんそく,Noun
1241,印象,印象,いんしょう,Noun
1241,監督,監督,かんとく,Noun
1243,所有,所有,しょゆう,Noun
1244,明るい,明るい,あかるい,Adjective (-i)
1245,漸く,ようやく,ようやく,Adverb
1246,移動,移動,いどう,Noun
1247,交換,交換,こうかん,Noun
1248,今回,今回,こんかい,Noun
1249,若者,若者,わかもの,Noun
1250,手続き,手続き,てつづき,Noun
1251,自治,自治,じち,Noun
1252,齎す,もたらす,もたらす,Verb
1253,叫ぶ,叫ぶ,さけぶ,Verb
1254,重,重,じゅう,Noun
1254,痛い,痛い,いたい,Adjective (-i)
1256,逃げる,逃げる,にげる,Verb
1257,海外,海外,かいがい,Noun
1258,抜く,抜く,ぬく,Verb
1259,対策,対策,たいさく,Noun
1260,民,民,みん,Noun
1261,現場,現場,げんば,Noun
1263,向こう,向こう,むこう,Noun
1264,空間,空間,くうかん,Noun
1264,手段,手段,しゅだん,Noun
1264,雨,雨,あめ,Noun
1267,落とす,落とす,おとす,Verb
1268,赤い,赤い,あかい,Adjective (-i)
1269,きちんと,きちんと,きちんと,Adverb
1272,用意,用意,ようい,Noun
1273,バス■bus,バス,ばす,Noun
1273,朝鮮,朝鮮,ちょうせん,Noun
1275,開始,開始,かいし,Noun
1276,雑誌,雑誌,ざっし,Noun
1276,現象,現象,げんしょう,Noun
1278,隣り,となり,となり,Noun
1278,建築,建築,けんちく,Noun
1278,暮らす,暮らす,くらす,Verb
1281,共通,共通,きょうつう,Noun
1282,降りる,降りる,おりる,Verb
1283,タバコ,たばこ,たばこ,Noun
1284,過程,過程,かてい,Noun
1285,果たす,果たす,はたす,Verb
1286,安心,安心,あんしん,Noun
1287,地球,地球,ちきゅう,Noun
1287,米国,米国,べいこく,Noun
1287,約束,約束,やくそく,Noun
1290,登録,登録,とうろく,Noun
1291,記す,記す,しるす,Verb
1292,生む,生む,うむ,Verb
1294,問う,問う,とう,Verb
1295,作用,作用,さよう,Noun
1295,静か,静か,しずか,Adjectival Noun
1297,増加,増加,ぞうか,Noun
1297,短い,短い,みじかい,Adjective (-i)
1297,嘘,うそ,うそ,Noun
1301,戦,戦,いくさ,Noun
1301,拡大,拡大,かくだい,Noun
1303,議論,議論,ぎろん,Noun
1304,両親,両親,りょうしん,Noun
1304,橋,橋,はし,Noun
1306,像,像,ぞう,Noun
1307,天,天,てん,Noun
1308,止まる,止まる,とまる,Verb
1309,掴む,つかむ,つかむ,Verb
1310,営業,営業,えいぎょう,Noun
1310,返す,返す,かえす,Verb
1312,過ごす,過ごす,すごす,Verb
1313,解釈,解釈,かいしゃく,Noun
1314,失敗,失敗,しっぱい,Noun
1314,秋,秋,あき,Noun
1314,交通,交通,こうつう,Noun
1314,追う,追う,おう,Verb
1318,裏,裏,うら,Noun
1319,費用,費用,ひよう,Noun
1319,福祉,福祉,ふくし,Noun
1321,扱う,扱う,あつかう,Verb
1321,一定,一定,いってい,Noun
1323,午後,午後,ごご,Noun
1323,看護,看護,かんご,Noun
1325,改善,改善,かいぜん,Noun
1326,実行,実行,じっこう,Noun
1327,眠る,眠る,ねむる,Verb
1328,周囲,周囲,しゅうい,Noun
1329,及ぶ,及ぶ,およぶ,Verb
1330,三千,三千,さんぜん,Noun
1331,選挙,選挙,せんきょ,Noun
1332,森,森,もり,Noun
1333,分野,分野,ぶんや,Noun
1333,手術,手術,しゅじゅつ,Noun
1335,髪,髪,かみ,Noun
1336,内部,内部,ないぶ,Noun
1338,伝統,伝統,でんとう,Noun
1339,案,案,あん,Noun
1339,組合,組合,くみあい,Noun
1341,府,府,ふ,Noun
1343,怒る,怒る,おこる,Verb
1344,課題,課題,かだい,Noun
1345,芸術,芸術,げいじゅつ,Noun
1345,センター,センター,せんたー,Noun
1347,年度,年度,ねんど,Noun
1348,番号,番号,ばんごう,Noun
1349,医者,医者,いしゃ,Noun
1349,革命,革命,かくめい,Noun
1351,要する,要する,ようする,Verb
1352,旦那,だんな,だんな,Noun
1353,結ぶ,結ぶ,むすぶ,Verb
1354,犯罪,犯罪,はんざい,Noun
1355,五千,五千,ごせん,Noun
1355,穴,穴,あな,Noun
1357,保存,保存,ほぞん,Noun
1358,涙,涙,なみだ,Noun
1358,満足,満足,まんぞく,Noun
1360,法人,法人,ほうじん,Noun
1360,人気,人気,にんき,Noun
1362,暗い,暗い,くらい,Adjective (-i)
1363,答え,答え,こたえ,Noun
1364,支援,支援,しえん,Noun
1365,試験,試験,しけん,Noun
1366,権力,権力,けんりょく,Noun
1367,如何,いかが,いかが,Adjectival Noun
1368,材料,材料,ざいりょう,Noun
1369,所得,所得,しょとく,Noun
1370,遅い,遅い,おそい,Adjective (-i)
1370,証明,証明,しょうめい,Noun
1374,床,床,ゆか,Noun
1375,心理,心理,しんり,Noun
1376,大臣,大臣,だいじん,Noun
1377,図る,図る,はかる,Verb
1378,卒業,卒業,そつぎょう,Noun
1379,財産,財産,ざいさん,Noun
1379,遂に,ついに,ついに,Adverb
1381,困難,困難,こんなん,Noun
1381,導入,導入,どうにゅう,Noun
1383,服,服,ふく,Noun
1384,採用,採用,さいよう,Noun
1385,節,節,ふし,Noun
1386,平均,平均,へいきん,Noun
1386,脳,脳,のう,Noun
1388,黒,黒,くろ,Noun
1388,歌う,うたう,うたう,Verb
1390,姿勢,姿勢,しせい,Noun
1391,乗せる,乗せる,のせる,Verb
1392,記事,記事,きじ,Noun
1393,椅子,椅子,いす,Noun
1393,兵,兵,へい,Noun
1393,債権,債権,さいけん,Noun
1393,幕府,幕府,ばくふ,Noun
1393,戦略,戦略,せんりゃく,Noun
1398,郡,郡,ぐん,Noun
1399,申す,申す,もうす,Verb
1400,あらゆる,あらゆる,あらゆる,Determiner
1400,弱い,弱い,よわい,Adjective (-i)
1402,挨拶,挨拶,あいさつ,Noun
1404,支える,支える,ささえる,Verb
1405,旧,旧,きゅう,Noun
1406,ベッド,ベッド,べっど,Noun
1406,観察,観察,かんさつ,Noun
1408,疑問,疑問,ぎもん,Noun
1408,黙る,黙る,だまる,Verb
1410,大体,大体,だいたい,Noun
1411,空気,空気,くうき,Noun
1412,最終,最終,さいしゅう,Noun
1412,仕様,仕様,しよう,Noun
1414,弟,弟,おとうと,Noun
1414,庭,庭,にわ,Noun
1417,インターネット,インターネット,いんたーねっと,Noun
1418,要素,要素,ようそ,Noun
1419,受け取る,受け取る,うけとる,Verb
1420,保証,保証,ほしょう,Noun
1421,平和,平和,へいわ,Noun
1421,抱える,抱える,かかえる,Verb
1423,豊か,豊か,ゆたか,Adjectival Noun
1424,注,注,ちゅう,Noun
1424,叩く,たたく,たたく,Verb
1427,会話,会話,かいわ,Noun
1427,土,土,つち,Noun
1429,物質,物質,ぶっしつ,Noun
1430,門,門,もん,Noun
1430,返事,返事,へんじ,Noun
1433,チェック,チェック,ちぇっく,Noun
1433,渡す,渡す,わたす,Verb
1435,飛行,飛行,ひこう,Noun
1436,前後,前後,ぜんご,Noun
1437,箱,箱,はこ,Noun
1437,実験,実験,じっけん,Noun
1439,積極,積極,せっきょく,Noun
1440,競争,競争,きょうそう,Noun
1441,州,州,しゅう,Noun
1442,黒い,黒い,くろい,Adjective (-i)
1442,犯人,犯人,はんにん,Noun
1444,版,版,はん,Noun
1445,ボール■ball,ボール,ぼーる,Noun
1446,単位,単位,たんい,Noun
1447,誕生,誕生,たんじょう,Noun
1448,只,ただ,ただ,Noun
1448,記載,記載,きさい,Noun
1451,仮令,たとえ,たとえ,Adverb
1452,育てる,育てる,そだてる,Verb
1453,債務,債務,さいむ,Noun
1454,概念,概念,がいねん,Noun
1455,借りる,借りる,かりる,Verb
1460,遠い,遠い,とおい,Adjective (-i)
1461,瞬間,瞬間,しゅんかん,Noun
1463,キリスト,キリスト,きりすと,Noun
1464,症状,症状,しょうじょう,Noun
1466,クリック,クリック,くりっく,Noun
1467,全員,全員,ぜんいん,Noun
1468,受け入れる,受け入れる,うけいれる,Verb
1468,自信,自信,じしん,Noun
1470,動かす,動かす,うごかす,Verb
1471,テーブル,テーブル,てーぶる,Noun
1472,一時,一時,いちじ,Noun
1473,薄い,薄い,うすい,Adjective (-i)
1473,中学,中学,ちゅうがく,Noun
1475,分ける,分ける,わける,Verb
1476,立ち上がる,立ち上がる,たちあがる,Verb
1477,訪れる,訪れる,おとずれる,Verb
1478,当てる,充てる,あてる,Verb
1479,食,食,しょく,Noun
1481,正面,正面,しょうめん,Noun
1482,背,背,せ,Noun
1482,製造,製造,せいぞう,Noun
1484,巡る,めぐる,めぐる,Verb
1485,通信,通信,つうしん,Noun
1487,多数,多数,たすう,Noun
1488,文書,文書,ぶんしょ,Noun
1488,焼く,焼く,やく,Verb
1490,赤,赤,あか,Noun
1490,伸ばす,伸ばす,のばす,Verb
1492,一日,一日,ついたち,Noun
1492,指定,指定,してい,Noun
1494,出会う,出会う,であう,Verb
1495,青年,青年,せいねん,Noun
1495,望む,望む,のぞむ,Verb
1495,助ける,助ける,たすける,Verb
1498,一生,一生,いっしょう,Noun
1499,検索,検索,けんさく,Noun
1500,漸と,やっと,やっと,Adverb
1502,通う,通う,かよう,Verb
1504,納得,納得,なっとく,Noun
1505,神社,神社,じんじゃ,Noun
1506,高齢,高齢,こうれい,Noun
1506,幸せ,幸せ,しあわせ,Noun
1508,番組,番組,ばんぐみ,Noun
1508,層,層,そう,Noun
1510,妊娠,妊娠,にんしん,Noun
1511,信頼,信頼,しんらい,Noun
1511,冬,冬,ふゆ,Noun
1511,時点,時点,じてん,Noun
1514,見付かる,見つかる,みつかる,Verb
1515,鳥,鳥,とり,Noun
1517,爺,爺,じい,Noun
1518,整備,整備,せいび,Noun
1519,機械,機械,きかい,Noun
1519,美術,美術,びじゅつ,Noun
1522,スポーツ,スポーツ,すぽーつ,Noun
1522,画面,画面,がめん,Noun
1524,箇所,カ所,かしょ,Noun
1524,制限,制限,せいげん,Noun
1526,民主,民主,みんしゅ,Noun
1526,遺伝,遺伝,いでん,Noun
1526,チーム,チーム,ちーむ,Noun
1529,入り,入り,いり,Noun
1529,生物,生物,せいぶつ,Noun
1531,大量,大量,たいりょう,Noun
1533,左右,左右,さゆう,Noun
1534,楽,楽,らく,Noun
1534,少女,少女,しょうじょ,Noun
1536,視線,視線,しせん,Noun
1536,ｃｄ,ＣＤ,しーでぃー,Noun
1538,条約,条約,じょうやく,Noun
1539,群,群,ぐん,Noun
1540,肉,肉,にく,Noun
1540,注目,注目,ちゅうもく,Noun
1542,証拠,証拠,しょうこ,Noun
1544,時々,時々,ときどき,Noun
1545,雰囲気,雰囲気,ふんいき,Noun
1546,ロシア,ロシア,ろしあ,Noun
1547,草,草,くさ,Noun
1548,鼻,鼻,はな,Noun
1550,上る,上る,のぼる,Verb
1551,取得,取得,しゅとく,Noun
1552,議員,議員,ぎいん,Noun
1553,亡くなる,なくなる,なくなる,Verb
1554,形式,形式,けいしき,Noun
1555,不足,不足,ふそく,Noun
1556,波,波,なみ,Noun
1557,落ち着く,落ち着く,おちつく,Verb
1558,纏める,まとめる,まとめる,Verb
1560,ゲーム,ゲーム,げーむ,Noun
1561,抜ける,抜ける,ぬける,Verb
1561,取り上げる,取り上げる,とりあげる,Verb
1563,格好,格好,かっこう,Noun
1563,今年,今年,ことし,Noun
1565,介護,介護,かいご,Noun
1566,対,対,たい,Noun
1566,集中,集中,しゅうちゅう,Noun
1568,発行,発行,はっこう,Noun
1568,狭い,狭い,せまい,Adjective (-i)
1570,株,株,かぶ,Noun
1571,作家,作家,さっか,Noun
1571,完成,完成,かんせい,Noun
1573,あんな,あんな,あんな,Determiner
1574,ネット,ネット,ねっと,Noun
1575,授業,授業,じゅぎょう,Noun
1575,男女,男女,だんじょ,Noun
1575,収入,収入,しゅうにゅう,Noun
1578,素晴らしい,素晴らしい,すばらしい,Adjective (-i)
1579,電気,電気,でんき,Noun
1580,構う,構う,かまう,Verb
1581,明確,明確,めいかく,Adjectival Noun
1582,適用,適用,てきよう,Noun
1582,命令,命令,めいれい,Noun
1584,戦う,戦う,たたかう,Verb
1585,財政,財政,ざいせい,Noun
1585,是非,ぜひ,ぜひ,Adverb
1585,達する,達する,たっする,Verb
1588,終了,終了,しゅうりょう,Noun
1589,悩む,悩む,なやむ,Verb
1591,痛み,痛み,いたみ,Noun
1591,一切,一切,いっさい,Noun
1591,洗う,洗う,あらう,Verb
1594,其方,そちら,そちら,Pronoun
1595,詩,詩,し,Noun
1595,全然,全然,ぜんぜん,Adverb
1597,随分,ずいぶん,ずいぶん,Adverb
1598,交渉,交渉,こうしょう,Noun
1599,藩,藩,はん,Noun
1600,疲れる,疲れる,つかれる,Verb
1601,着く,着く,つく,Verb
1602,政権,政権,せいけん,Noun
1603,編集,編集,へんしゅう,Noun
1604,従来,従来,じゅうらい,Noun
1605,喋る,しゃべる,しゃべる,Verb
1606,植物,植物,しょくぶつ,Noun
1607,意思,意思,いし,Noun
1608,慣れる,なれる,なれる,Verb
1609,整理,整理,せいり,Noun
1610,ワン,ワン,わん,Noun
1612,流す,流す,ながす,Verb
1613,医学,医学,いがく,Noun
1613,メディア,メディア,めでぃあ,Noun
1613,兄弟,兄弟,きょうだい,Noun
1616,正確,正確,せいかく,Noun
1617,図書,図書,としょ,Noun
1617,握る,握る,にぎる,Verb
1619,減る,減る,へる,Verb
1620,哲学,哲学,てつがく,Noun
1621,予想,予想,よそう,Noun
1621,記者,記者,きしゃ,Noun
1623,首相,首相,しゅしょう,Noun
1624,公共,公共,こうきょう,Noun
1625,下げる,下げる,さげる,Verb
1626,苦労,苦労,くろう,Noun
1627,出身,出身,しゅっしん,Noun
1628,一言,一言,ひとこと,Noun
1628,有効,有効,ゆうこう,Adjectival Noun
1630,世間,世間,せけん,Noun
1630,女子,女子,じょし,Noun
1630,異常,異常,いじょう,Noun
1633,イン■in,イン,いん,Noun
1633,飽くまで,あくまで,あくまで,Adverb
1633,規制,規制,きせい,Noun
1636,すっかり,すっかり,すっかり,Adverb
1638,依頼,依頼,いらい,Noun
1638,占める,占める,しめる,Verb
1640,優れる,優れる,すぐれる,Verb
1640,背景,背景,はいけい,Noun
1642,どんどん,どんどん,どんどん,Adverb
1643,無視,無視,むし,Noun
1644,包む,包む,つつむ,Verb
1644,周辺,周辺,しゅうへん,Noun
1646,吐く,吐く,はく,Verb
1647,世代,世代,せだい,Noun
1647,消す,消す,けす,Verb
1649,ガラス,ガラス,がらす,Noun
1649,地下,地下,ちか,Noun
1649,刑事,刑事,けいじ,Noun
1652,覗く,のぞく,のぞく,Verb
1653,舞台,舞台,ぶたい,Noun
1653,マン,マン,まん,Noun
1655,勝つ,勝つ,かつ,Verb
1656,浮かぶ,浮かぶ,うかぶ,Verb
1657,鉄,鉄,てつ,Noun
1657,都合,都合,つごう,Noun
1659,低下,低下,ていか,Noun
1659,改めて,改めて,あらためて,Adverb
1661,癖,くせ,くせ,Noun
1661,危機,危機,きき,Noun
1663,普段,ふだん,ふだん,Noun
1663,ガス,ガス,がす,Noun
1665,珍しい,珍しい,めずらしい,Adjective (-i)
1665,太陽,太陽,たいよう,Noun
1667,夫人,夫人,ふじん,Noun
1668,相互,相互,そうご,Noun
1669,一瞬,一瞬,いっしゅん,Noun
1669,プロ■pro,プロ,ぷろ,Noun
1671,派遣,派遣,はけん,Noun
1672,去る,去る,さる,Verb
1672,設置,設置,せっち,Noun
1674,じっと,じっと,じっと,Adverb
1675,世話,世話,せわ,Noun
1675,広告,広告,こうこく,Noun
1677,オークション,オークション,おーくしょん,Noun
1678,卵,タマゴ,たまご,Noun
1678,保障,保障,ほしょう,Noun
1681,極く,ごく,ごく,Adverb
1682,妙,妙,みょう,Noun
1683,緊張,緊張,きんちょう,Noun
1683,パリ,パリ,ぱり,Noun
1685,遥か,はるか,はるか,Adjectival Noun
1686,星,星,ほし,Noun
1688,回す,回す,まわす,Verb
1688,教会,教会,きょうかい,Noun
1688,処分,処分,しょぶん,Noun
1691,複雑,複雑,ふくざつ,Noun
1691,職業,職業,しょくぎょう,Noun
1691,寂しい,寂しい,さびしい,Adjective (-i)
1694,保育,保育,ほいく,Noun
1695,宇宙,宇宙,うちゅう,Noun
1696,伯母,おば,おば,Noun
1697,公園,公園,こうえん,Noun
1697,除く,除く,のぞく,Verb
1699,捜査,捜査,そうさ,Noun
1700,妹,妹,いもうと,Noun
1701,肌,肌,はだ,Noun
1701,公開,公開,こうかい,Noun
1703,事態,事態,じたい,Noun
1704,面倒,面倒,めんどう,Noun
1705,屋敷,屋敷,やしき,Noun
1707,流石,さすが,さすが,Adjectival Noun
1707,育つ,育つ,そだつ,Verb
1709,入院,入院,にゅういん,Noun
1709,寒い,寒い,さむい,Adjective (-i)
1709,冷たい,冷たい,つめたい,Adjective (-i)
1709,職,職,しょく,Noun
1713,ｐｃ,ＰＣ,ぴーしー,Noun
1714,終える,終える,おえる,Verb
1714,調整,調整,ちょうせい,Noun
1716,単に,単に,たんに,Adverb
1717,外す,外す,はずす,Verb
1717,最,最,さい,Noun
1719,インド,インド,いんど,Noun
1720,工業,工業,こうぎょう,Noun
1720,会計,会計,かいけい,Noun
1720,唇,唇,くちびる,Noun
1723,前提,前提,ぜんてい,Noun
1724,回復,回復,かいふく,Noun
1724,行成,いきなり,いきなり,Adverb
1726,資格,資格,しかく,Noun
1727,指示,指示,しじ,Noun
1728,単純,単純,たんじゅん,Adjectival Noun
1728,提出,提出,ていしゅつ,Noun
1728,成果,成果,せいか,Noun
1731,信仰,信仰,しんこう,Noun
1732,核,核,かく,Noun
1732,確実,確実,かくじつ,Adjectival Noun
1732,発言,発言,はつげん,Noun
1735,残念,残念,ざんねん,Adjectival Noun
1736,アップ,アップ,あっぷ,Noun
1736,玄関,玄関,げんかん,Noun
1739,ビル■building,ビル,びる,Noun
1740,コンピューター,コンピューター,こんぴゅーたー,Noun
1740,抵抗,抵抗,ていこう,Noun
1742,背中,背中,せなか,Noun
1743,信用,信用,しんよう,Noun
1743,嫌い,嫌い,きらい,Noun
1745,差別,差別,さべつ,Noun
1745,辺,辺,へん,Noun
1748,呟く,つぶやく,つぶやく,Verb
1749,確保,確保,かくほ,Noun
1750,びっくり,びっくり,びっくり,Noun
1751,パン■pao,パン,ぱん,Noun
1751,向く,向く,むく,Verb
1753,軍事,軍事,ぐんじ,Noun
1753,以後,以後,いご,Noun
1753,負ける,負ける,まける,Verb
1756,底,底,そこ,Noun
1758,初め,はじめ,はじめ,Noun
1759,将軍,将軍,しょうぐん,Noun
1759,ビジネス,ビジネス,びじねす,Noun
1762,要る,いる,いる,Verb
1762,縁,縁,えん,Noun
1765,郵便,郵便,ゆうびん,Noun
1766,領域,領域,りょういき,Noun
1766,礼,礼,れい,Noun
1766,職員,職員,しょくいん,Noun
1769,マンション,マンション,まんしょん,Noun
1770,総合,総合,そうごう,Noun
1771,仮,仮,かり,Noun
1771,やや,やや,やや,Adverb
1771,世の中,世の中,よのなか,Noun
1771,観光,観光,かんこう,Noun
1775,恐れる,恐れる,おそれる,Verb
1776,発達,発達,はったつ,Noun
1776,野菜,野菜,やさい,Noun
1778,骨,骨,ほね,Noun
1779,電子,電子,でんし,Noun
1779,御飯,ご飯,ごはん,Noun
1779,秘密,秘密,ひみつ,Noun
1779,教科,教科,きょうか,Noun
1783,座,座,ざ,Noun
1784,直す,直す,なおす,Verb
1785,コーヒー,コーヒー,こーひー,Noun
1786,設ける,設ける,もうける,Verb
1786,クラス,クラス,くらす,Noun
1788,支払う,支払う,しはらう,Verb
1788,迫る,迫る,せまる,Verb
1790,工事,工事,こうじ,Noun
1791,案内,案内,あんない,Noun
1792,経る,経る,へる,Verb
1793,ｊｐ,jp,じぇーぴー,Noun
1793,膝,ひざ,ひざ,Noun
1793,出発,出発,しゅっぱつ,Noun
1793,理想,理想,りそう,Noun
1797,刺激,刺激,しげき,Noun
1797,色んな,いろんな,いろんな,Determiner
1799,文明,文明,ぶんめい,Noun
1800,御陰,おかげ,おかげ,Noun
1801,違反,違反,いはん,Noun
1802,話題,話題,わだい,Noun
1802,報道,報道,ほうどう,Noun
1802,振り返る,振り返る,ふりかえる,Verb
1805,戦い,戦,たたかい,Noun
1806,ニュース,ニュース,にゅーす,Noun
1807,つい,つい,つい,Adverb
1807,言わば,いわば,いわば,Adverb
1809,熱,熱,ねつ,Noun
1809,断る,断る,ことわる,Verb
1812,抑,そもそも,そもそも,Noun
1813,クラブ,クラブ,くらぶ,Noun
1814,恐ろしい,恐ろしい,おそろしい,Adjective (-i)
1815,人類,人類,じんるい,Noun
1816,越える,越える,こえる,Verb
1816,誘う,誘う,さそう,Verb
1818,入札,入札,にゅうさつ,Noun
1818,固定,固定,こてい,Noun
1820,設立,設立,せつりつ,Noun
1821,初期,初期,しょき,Noun
1821,板,板,いた,Noun
1821,巨大,巨大,きょだい,Adjectival Noun
1824,取り出す,取り出す,とりだす,Verb
1825,急ぐ,急ぐ,いそぐ,Verb
1825,禁止,禁止,きんし,Noun
1825,離婚,離婚,りこん,Noun
1825,ソ連,ソ連,それん,Noun
1829,慌てる,あわてる,あわてる,Verb
1829,訴える,訴える,うったえる,Verb
1829,命ずる,命ずる,めいずる,Verb
1829,農業,農業,のうぎょう,Noun
1833,益々,ますます,ますます,Adverb
1833,一応,一応,いちおう,Noun
1835,有する,有する,ゆうする,Verb
1836,時計,時計,とけい,Noun
1837,取り敢えず,とりあえず,とりあえず,Adverb
1838,意外,意外,いがい,Adjectival Noun
1838,両手,両手,りょうて,Noun
1840,別れる,分かれる,わかれる,Verb
1840,立派,立派,りっぱ,Adjectival Noun
1842,遊び,遊び,あそび,Noun
1843,テーマ,テーマ,てーま,Noun
1844,次々,次々,つぎつぎ,Adverb
1846,伝わる,伝わる,つたわる,Verb
1846,解放,解放,かいほう,Noun
1848,一種,一種,いっしゅ,Noun
1849,実践,実践,じっせん,Noun
1850,当該,当該,とうがい,Noun
1851,最早,もはや,もはや,Adverb
1852,数字,数字,すうじ,Noun
1853,形態,形態,けいたい,Noun
1855,援助,援助,えんじょ,Noun
1855,風呂,ふろ,ふろ,Noun
1857,デザイン,デザイン,でざいん,Noun
1857,我慢,我慢,がまん,Noun
1857,改正,改正,かいせい,Noun
1860,多少,多少,たしょう,Noun
1860,地位,地位,ちい,Noun
1862,提案,提案,ていあん,Noun
1863,湯,湯,ゆ,Noun
1865,転換,転換,てんかん,Noun
1865,参る,まいる,まいる,Verb
1867,コスト,コスト,こすと,Noun
1867,値段,値段,ねだん,Noun
1869,呼吸,呼吸,こきゅう,Noun
1871,電車,電車,でんしゃ,Noun
1872,尽くす,尽くす,つくす,Verb
1873,兎も角,ともかく,ともかく,Adverb
1874,告げる,告げる,つげる,Verb
1874,移る,移る,うつる,Verb
1874,未,未,み,Noun
1878,仰る,おっしゃる,おっしゃる,Verb
1880,場面,場面,ばめん,Noun
1880,帝国,帝国,ていこく,Noun
1880,自殺,自殺,じさつ,Noun
1883,自宅,自宅,じたく,Noun
1884,詰まる,詰まる,つまる,Verb
1885,正直,正直,しょうじき,Noun
1885,上昇,上昇,じょうしょう,Noun
1887,証券,証券,しょうけん,Noun
1887,職場,職場,しょくば,Noun
1889,破壊,破壊,はかい,Noun
1889,予算,予算,よさん,Noun
1891,ファン■fan（熱狂者）,ファン,ふぁん,Noun
1891,再生,再生,さいせい,Noun
1893,イタリア,イタリア,いたりあ,Noun
1894,措置,措置,そち,Noun
1894,悪,悪,あく,Noun
1896,仏教,仏教,ぶっきょう,Noun
1897,下ろす,下ろす,おろす,Verb
1897,後半,後半,こうはん,Noun
1897,魅力,魅力,みりょく,Noun
1900,広げる,広げる,ひろげる,Verb
1901,トップ,トップ,とっぷ,Noun
1902,サイズ,サイズ,さいず,Noun
1903,噂,うわさ,うわさ,Noun
1905,緑,緑,みどり,Noun
1905,練習,練習,れんしゅう,Noun
1908,定義,定義,ていぎ,Noun
1908,ユダヤ,ユダヤ,ゆだや,Noun
1910,古代,古代,こだい,Noun
1911,記述,記述,きじゅつ,Noun
1912,任せる,任せる,まかせる,Verb
1912,活用,活用,かつよう,Noun
1914,玉,玉,たま,Noun
1914,姫,姫,ひめ,Noun
1914,バランス,バランス,ばらんす,Noun
1914,闇,ヤミ,やみ,Noun
1914,屡,しばしば,しばしば,Adverb
1914,リスク,リスク,りすく,Noun
1920,靴,靴,くつ,Noun
1922,論理,論理,ろんり,Noun
1923,連中,連中,れんじゅう,Noun
1924,翌日,翌日,よくじつ,Noun
1924,退職,退職,たいしょく,Noun
1926,特殊,特殊,とくしゅ,Adjectival Noun
1926,油,油,あぶら,Noun
1928,掻く,かく,かく,Verb
1928,規則,規則,きそく,Noun
1930,見事,見事,みごと,Adjectival Noun
1931,区別,区別,くべつ,Noun
1932,未来,未来,みらい,Noun
1932,ビール,ビール,びーる,Noun
1934,ブランド,ブランド,ぶらんど,Noun
1934,忙しい,忙しい,いそがしい,Adjective (-i)
1934,道具,道具,どうぐ,Noun
1937,輸入,輸入,ゆにゅう,Noun
1937,一層,一層,いっそう,Adverb
1939,具合,具合,ぐあい,Noun
1939,野球,野球,やきゅう,Noun
1941,塩,塩,しお,Noun
1941,終わり,終わり,おわり,Noun
1941,日々,日々,ひび,Noun
1944,主体,主体,しゅたい,Noun
1944,料金,料金,りょうきん,Noun
1947,戻す,戻す,もどす,Verb
1948,迷惑,迷惑,めいわく,Noun
1949,怒り,怒り,いかり,Noun
1949,長期,長期,ちょうき,Noun
1949,休む,休む,やすむ,Verb
1953,ふと,ふと,ふと,Adverb
1954,先程,先程,さきほど,Noun
1954,岩,岩,いわ,Noun
1954,内閣,内閣,ないかく,Noun
1954,遅れる,遅れる,おくれる,Verb
1954,雇用,雇用,こよう,Noun
1959,恐怖,恐怖,きょうふ,Noun
1959,統一,統一,とういつ,Noun
1962,重ねる,重ねる,かさねる,Verb
1963,貿易,貿易,ぼうえき,Noun
1964,見なす,見なす,みなす,Verb
1964,足りる,足りる,たりる,Verb
1966,ボタン,ボタン,ぼたん,Noun
1967,当初,当初,とうしょ,Noun
1967,方式,方式,ほうしき,Noun
1967,ウイルス,ウイルス,ういるす,Noun
1971,キー,キー,きー,Noun
1971,婦人,婦人,ふじん,Noun
1973,御免,ごめん,ごめん,Noun
1973,朝日,朝日,あさひ,Noun
1973,民間,民間,みんかん,Noun
1976,仏,仏,ほとけ,Noun
1977,多様,多様,たよう,Adjectival Noun
1978,常識,常識,じょうしき,Noun
1978,一旦,いったん,いったん,Adverb
1980,撮影,撮影,さつえい,Noun
1980,設計,設計,せっけい,Noun
1982,閉じる,閉じる,とじる,Verb
1982,間違う,間違う,まちがう,Verb
1982,オーケー,ＯＫ,おーけー,Noun
1982,方針,方針,ほうしん,Noun
1982,意志,意志,いし,Noun
1987,ママ,ママ,まま,Noun
1987,保つ,保つ,たもつ,Verb
1990,支払い,支払い,しはらい,Noun
1991,結論,結論,けつろん,Noun
1991,高度,高度,こうど,Adjectival Noun
1993,吸う,吸う,すう,Verb
1993,当たり前,当たり前,あたりまえ,Adjectival Noun
1996,メンバー,メンバー,めんばー,Noun
1997,細い,細い,ほそい,Adjective (-i)
1997,宿,宿,やど,Noun
1997,ホッカイドウ,北海道,ほっかいどう,Noun
2000,カメラ,カメラ,かめら,Noun
2000,恥ずかしい,恥ずかしい,はずかしい,Adjective (-i)
2002,喜び,喜び,よろこび,Noun
2003,就職,就職,しゅうしょく,Noun
2004,階段,階段,かいだん,Noun
2004,トイレ,トイレ,といれ,Noun
2006,視点,視点,してん,Noun
2007,大抵,たいてい,たいてい,Adverb
2008,耐える,耐える,たえる,Verb
2008,諦める,あきらめる,あきらめる,Verb
2010,働き,働き,はたらき,Noun
2010,訪ねる,訪ねる,たずねる,Verb
2012,児童,児童,じどう,Noun
2013,容易,容易,ようい,Adjectival Noun
2013,ローマ,ローマ,ろーま,Noun
2015,オキナワ,沖縄,おきなわ,Noun
2016,要因,要因,よういん,Noun
2017,生かす,生かす,いかす,Verb
2018,食品,食品,しょくひん,Noun
2019,下がる,下がる,さがる,Verb
2019,現状,現状,げんじょう,Noun
2021,傷,傷,きず,Noun
2022,確立,確立,かくりつ,Noun
2022,脇,脇,わき,Noun
2024,ノブナガ,信長,のぶなが,Noun
2025,読者,読者,どくしゃ,Noun
2025,親父,おやじ,おやじ,Noun
2028,訪問,訪問,ほうもん,Noun
2029,対立,対立,たいりつ,Noun
2030,確かめる,確かめる,たしかめる,Verb
2031,口調,口調,くちょう,Noun
2031,初,初,はつ,Noun
2034,効率,効率,こうりつ,Noun
2035,大統領,大統領,だいとうりょう,Noun
2036,達成,達成,たっせい,Noun
2036,午前,午前,ごぜん,Noun
2038,行,行,ぎょう,Noun
2039,事項,事項,じこう,Noun
2040,運営,運営,うんえい,Noun
2040,強制,強制,きょうせい,Noun
2042,ストレス,ストレス,すとれす,Noun
2043,不明,不明,ふめい,Noun
2043,ライン,ライン,らいん,Noun
2045,鳴る,鳴る,なる,Verb
2046,解説,解説,かいせつ,Noun
2046,博士,はかせ,はかせ,Noun
2048,悲しい,悲しい,かなしい,Adjective (-i)
2049,議会,議会,ぎかい,Noun
2050,目立つ,目立つ,めだつ,Verb
2051,近所,近所,きんじょ,Noun
2052,徹底,徹底,てってい,Noun
2052,部門,部門,ぶもん,Noun
2054,宜しい,よろしい,よろしい,Adjective (-i)
2055,掲げる,掲げる,かかげる,Verb
2055,性質,性質,せいしつ,Noun
2057,喧嘩,けんか,けんか,Noun
2058,表面,表面,ひょうめん,Noun
2059,相続,相続,そうぞく,Noun
2061,移す,移す,うつす,Verb
2062,本質,本質,ほんしつ,Noun
2062,並べる,並べる,ならべる,Verb
2062,戸,戸,と,Noun
2066,大正,大正,たいしょう,Noun
2067,高める,高める,たかめる,Verb
2068,象徴,象徴,しょうちょう,Noun
2069,奪う,奪う,うばう,Verb
2069,影,影,かげ,Noun
2071,感謝,感謝,かんしゃ,Noun
2072,入力,入力,にゅうりょく,Noun
2072,記念,記念,きねん,Noun
2074,被る,こうむる,こうむる,Verb
2074,策,策,さく,Noun
2074,原理,原理,げんり,Noun
2077,生理,生理,せいり,Noun
2077,秩序,秩序,ちつじょ,Noun
2077,疑う,疑う,うたがう,Verb
2080,祭り,祭り,まつり,Noun
2080,赤ちゃん,赤ちゃん,あかちゃん,Noun
2082,連合,連合,れんごう,Noun
2082,温泉,温泉,おんせん,Noun
2084,訓練,訓練,くんれん,Noun
2086,履く,履く,はく,Verb
2087,単なる,単なる,たんなる,Determiner
2088,動産,動産,どうさん,Noun
2089,アドバイス,アドバイス,あどばいす,Noun
2089,生み出す,生み出す,うみだす,Verb
2091,思考,思考,しこう,Noun
2092,習慣,習慣,しゅうかん,Noun
2093,迷う,迷う,まよう,Verb
2093,減少,減少,げんしょう,Noun
2093,半ば,半ば,なかば,Noun
2096,無駄,無駄,むだ,Noun
2098,襲う,襲う,おそう,Verb
2098,アドレス,アドレス,あどれす,Noun
2098,強調,強調,きょうちょう,Noun
2098,成る程,なるほど,なるほど,Adverb
2102,共産,共産,きょうさん,Noun
2102,発する,発する,はっする,Verb
2104,ヨコハマ,横浜,よこはま,Noun
2104,小屋,小屋,こや,Noun
2106,鬼,鬼,おに,Noun
2106,挟む,はさむ,はさむ,Verb
2106,エンジン,エンジン,えんじん,Noun
2109,登る,上る,のぼる,Verb
2110,血液,血液,けつえき,Noun
2110,属する,属する,ぞくする,Verb
2112,どうぞ,どうぞ,どうぞ,Adverb
2112,繋ぐ,つなぐ,つなぐ,Verb
2114,診断,診断,しんだん,Noun
2115,調子,調子,ちょうし,Noun
2115,本書,本書,ほんしょ,Noun
2115,気味,気味,きみ,Noun
2118,濃い,濃い,こい,Adjective (-i)
2118,ネットワーク,ネットワーク,ねっとわーく,Noun
2118,回転,回転,かいてん,Noun
2121,御腹,おなか,おなか,Noun
2122,創造,創造,そうぞう,Noun
2122,男の子,男の子,おとこのこ,Noun
2124,暴力,暴力,ぼうりょく,Noun
2125,降る,降る,ふる,Verb
2126,組む,組む,くむ,Verb
2126,出来事,出来事,できごと,Noun
2128,右手,右手,みぎて,Noun
2128,殺人,殺人,さつじん,Noun
2128,同じく,同じく,おなじく,Adverb
2128,懸命,懸命,けんめい,Adjectival Noun
2132,苦しい,苦しい,くるしい,Adjective (-i)
2132,進行,進行,しんこう,Noun
2134,複数,複数,ふくすう,Noun
2136,拒否,拒否,きょひ,Noun
2136,プログラム,プログラム,ぷろぐらむ,Noun
2138,根拠,根拠,こんきょ,Noun
2139,取り組む,取り組む,とりくむ,Verb
2139,剣,剣,けん,Noun
2141,負う,負う,おう,Verb
2143,途端,とたん,とたん,Noun
2143,一致,一致,いっち,Noun
2143,意図,意図,いと,Noun
2146,オン,オン,おん,Noun
2147,注文,注文,ちゅうもん,Noun
2147,代理,代理,だいり,Noun
2149,載る,載る,のる,Verb
2149,鍵,カギ,かぎ,Noun
2149,諸国,諸国,しょこく,Noun
2149,炎,炎,ほのお,Noun
2153,海軍,海軍,かいぐん,Noun
2154,勢い,勢い,いきおい,Noun
2154,倒れる,倒れる,たおれる,Verb
2157,余裕,余裕,よゆう,Noun
2157,昼,昼,ひる,Noun
2159,笑顔,笑顔,えがお,Noun
2159,地元,地元,じもと,Noun
2159,虫,虫,むし,Noun
2162,最低,最低,さいてい,Noun
2163,机,机,つくえ,Noun
2163,直後,直後,ちょくご,Noun
2163,工夫,くふう,くふう,Noun
2166,恋,恋,こい,Noun
2167,武士,武士,ぶし,Noun
2167,向上,向上,こうじょう,Noun
2167,愈,いよいよ,いよいよ,Adverb
2167,熱い,熱い,あつい,Adjective (-i)
2171,推進,推進,すいしん,Noun
2171,撮る,撮る,とる,Verb
2171,鉄道,鉄道,てつどう,Noun
2171,響く,響く,ひびく,Verb
2171,継続,継続,けいぞく,Noun
2176,判決,判決,はんけつ,Noun
2176,地区,地区,ちく,Noun
2178,両方,両方,りょうほう,Noun
2178,各地,各地,かくち,Noun
2178,株主,株主,かぶぬし,Noun
2181,損害,損害,そんがい,Noun
2181,柱,柱,はしら,Noun
2181,勤務,勤務,きんむ,Noun
2181,応える,応える,こたえる,Verb
2181,厚生,厚生,こうせい,Noun
2181,適切,適切,てきせつ,Adjectival Noun
2187,日記,日記,にっき,Noun
2188,栄養,栄養,えいよう,Noun
2190,ビデオ,ビデオ,びでお,Noun
2191,留まる,止まる,とまる,Verb
2192,指す,さす,さす,Verb
2192,魂,魂,たましい,Noun
2194,運命,運命,うんめい,Noun
2194,趣味,趣味,しゅみ,Noun
2194,療法,療法,りょうほう,Noun
2194,部下,部下,ぶか,Noun
2198,重視,重視,じゅうし,Noun
2199,己,おのれ,おのれ,Noun
2199,項目,項目,こうもく,Noun
2201,限界,限界,げんかい,Noun
2201,入り口,入り口,いりぐち,Noun
2205,預金,預金,よきん,Noun
2205,ワイン,ワイン,わいん,Noun
2205,取材,取材,しゅざい,Noun
2205,宣言,宣言,せんげん,Noun
2205,経過,経過,けいか,Noun
2205,上手,上手,じょうず,Adjectival Noun
2211,地図,地図,ちず,Noun
2212,連続,連続,れんぞく,Noun
2213,先輩,先輩,せんぱい,Noun
2214,航空,航空,こうくう,Noun
2214,優先,優先,ゆうせん,Noun
2214,接する,接する,せっする,Verb
2214,勢力,勢力,せいりょく,Noun
2218,汗,汗,あせ,Noun
2218,仕組み,仕組み,しくみ,Noun
2220,化粧,化粧,けしょう,Noun
2220,季節,季節,きせつ,Noun
2220,西洋,西洋,せいよう,Noun
2220,ｄｖｄ,ＤＶＤ,でぃーぶいでぃー,Noun
2225,狙う,狙う,ねらう,Verb
2226,存知,存じ,ぞんじ,Noun
2228,書類,書類,しょるい,Noun
2228,ヤマト,大和,やまと,Noun
2228,人事,人事,じんじ,Noun
2231,自転,自転,じてん,Noun
2231,同一,同一,どういつ,Adjectival Noun
2233,四千,四千,よんせん,Noun
2234,細かい,細かい,こまかい,Adjective (-i)
2235,本の,ほんの,ほんの,Determiner
2236,海岸,海岸,かいがん,Noun
2236,湖,湖,みずうみ,Noun
2238,キュウシュウ,九州,きゅうしゅう,Noun
2239,救う,救う,すくう,Verb
2239,食べ物,食べ物,たべもの,Noun
2239,化学,化学,かがく,Noun
2242,香り,香り,かおり,Noun
2243,独自,独自,どくじ,Adjectival Noun
2244,ルール,ルール,るーる,Noun
2244,強化,強化,きょうか,Noun
2244,需要,需要,じゅよう,Noun
2244,顧客,顧客,こきゃく,Noun
2249,上司,上司,じょうし,Noun
2251,偶に,たまに,たまに,Adverb
2251,切っ掛け,きっかけ,きっかけ,Noun
2251,メッセージ,メッセージ,めっせーじ,Noun
2251,満たす,満たす,みたす,Verb
2256,伸びる,伸びる,のびる,Verb
2256,到着,到着,とうちゃく,Noun
2258,活躍,活躍,かつやく,Noun
2259,作,作,さく,Noun
2259,資源,資源,しげん,Noun
2261,廊下,廊下,ろうか,Noun
2262,死亡,死亡,しぼう,Noun
2262,審査,審査,しんさ,Noun
2262,彼奴,あいつ,あいつ,Pronoun
2265,段々,だんだん,だんだん,Adverb
2266,唯一,唯一,ゆいいつ,Noun
2266,論文,論文,ろんぶん,Noun
2268,太い,太い,ふとい,Adjective (-i)
2269,合理,合理,ごうり,Noun
2269,先日,先日,せんじつ,Noun
2269,著作,著作,ちょさく,Noun
2272,説く,説く,とく,Verb
2273,貸す,貸す,かす,Verb
2273,頬,ほお,ほお,Noun
2275,畑,畑,はたけ,Noun
2276,絶える,絶える,たえる,Verb
2276,加わる,加わる,くわわる,Verb
2278,全身,全身,ぜんしん,Noun
2279,標準,標準,ひょうじゅん,Noun
2281,コース,コース,こーす,Noun
2281,装置,装置,そうち,Noun
2283,主婦,主婦,しゅふ,Noun
2283,却って,かえって,かえって,Adverb
2285,崩壊,崩壊,ほうかい,Noun
2285,カントウ,関東,かんとう,Noun
2285,背後,背後,はいご,Noun
2288,まさか,まさか,まさか,Adverb
2290,筋,筋,すじ,Noun
2292,毎年,毎年,まいとし,Noun
2292,不満,不満,ふまん,Noun
2295,国会,国会,こっかい,Noun
2295,適当,適当,てきとう,Noun
2295,覆う,覆う,おおう,Verb
2295,明かり,明かり,あかり,Noun
2295,務める,務める,つとめる,Verb
2300,扉,扉,とびら,Noun
2300,偉い,偉い,えらい,Adjective (-i)
2302,水準,水準,すいじゅん,Noun
2303,教室,教室,きょうしつ,Noun
2303,彼氏,彼氏,かれし,Noun
2305,港,港,みなと,Noun
2305,利く,利く,きく,Verb
2305,コピー,コピー,こぴー,Noun
2308,ドラマ,ドラマ,どらま,Noun
2309,バー,バー,ばー,Noun
2309,発揮,発揮,はっき,Noun
2311,分かれる,分かれる,わかれる,Verb
2311,分類,分類,ぶんるい,Noun
2313,幅,幅,はば,Noun
2313,詳細,詳細,しょうさい,Noun
2315,暇,暇,ひま,Noun
2316,舌,舌,した,Noun
2316,操作,操作,そうさ,Noun
2318,助,助,じょ,Noun
2319,下る,下る,くだる,Verb
2319,里,里,さと,Noun
2321,ショック,ショック,しょっく,Noun
2321,根,根,ね,Noun
2321,地上,地上,ちじょう,Noun
2321,支持,支持,しじ,Noun
2325,本部,本部,ほんぶ,Noun
2325,風景,風景,ふうけい,Noun
2325,生まれ,生まれ,うまれ,Noun
2328,此の世,この世,このよ,Noun
2329,貢献,貢献,こうけん,Noun
2329,設備,設備,せつび,Noun
2329,止む,やむ,やむ,Verb
2329,見掛ける,見かける,みかける,Verb
2333,留学,留学,りゅうがく,Noun
2334,窺う,うかがう,うかがう,Verb
2335,階級,階級,かいきゅう,Noun
2335,速い,早い,はやい,Adjective (-i)
2337,覚悟,覚悟,かくご,Noun
2337,輝く,輝く,かがやく,Verb
2339,無料,無料,むりょう,Noun
2340,限定,限定,げんてい,Noun
2340,試合,試合,しあい,Noun
2340,従業,従業,じゅうぎょう,Noun
2343,地震,地震,じしん,Noun
2343,招く,招く,まねく,Verb
2343,取り締まり,取り締まり,とりしまり,Noun
2346,画像,画像,がぞう,Noun
2347,ウインドー,ウインドー,ういんどー,Noun
2348,跡,跡,あと,Noun
2348,人形,人形,にんぎょう,Noun
2348,トクガワ,徳川,とくがわ,Noun
2351,会長,会長,かいちょう,Noun
2351,鋭い,鋭い,するどい,Adjective (-i)
2351,折角,せっかく,せっかく,Adverb
2355,週,週,しゅう,Noun
2355,駐車,駐車,ちゅうしゃ,Noun
2357,供給,供給,きょうきゅう,Noun
2359,墓,墓,はか,Noun
2360,文句,文句,もんく,Noun
2360,プロセス,プロセス,ぷろせす,Noun
2362,逮捕,逮捕,たいほ,Noun
2362,帯,帯,おび,Noun
2364,便利,便利,べんり,Noun
2364,死体,死体,したい,Noun
2366,青い,青い,あおい,Adjective (-i)
2368,身分,身分,みぶん,Noun
2368,旨,旨,むね,Noun
2368,速度,速度,そくど,Noun
2371,監査,監査,かんさ,Noun
2371,コントロール,コントロール,こんとろーる,Noun
2371,企画,企画,きかく,Noun
2374,空港,空港,くうこう,Noun
2374,肉体,肉体,にくたい,Noun
2376,観念,観念,かんねん,Noun
2376,印刷,印刷,いんさつ,Noun
2376,景気,景気,けいき,Noun
2379,寄せる,寄せる,よせる,Verb
2380,感動,感動,かんどう,Noun
2380,出産,出産,しゅっさん,Noun
2384,抑える,抑える,おさえる,Verb
2384,沿う,沿う,そう,Verb
2384,ヒデヨシ,秀吉,ひでよし,Noun
2384,尻,しり,しり,Noun
2388,割合,割合,わりあい,Noun
2388,把握,把握,はあく,Noun
2388,皮膚,皮膚,ひふ,Noun
2391,陰,影,かげ,Noun
2391,オウベイ,欧米,おうべい,Noun
2391,喉,のど,のど,Noun
2394,溢れる,あふれる,あふれる,Verb
2394,畳,畳,たたみ,Noun
2394,外部,外部,がいぶ,Noun
2394,塵,ごみ,ごみ,Noun
2394,真実,真実,しんじつ,Noun
2394,美,美,び,Noun
2394,欄,欄,らん,Noun
2401,空く,すく,すく,Verb
2401,彼方此方,あちらこちら,あちらこちら,Pronoun
2404,作戦,作戦,さくせん,Noun
2404,皮,皮,かわ,Noun
2404,京,京,きょう,Noun
2404,嫁,嫁,よめ,Noun
2408,光る,光る,ひかる,Verb
2408,意義,意義,いぎ,Noun
2411,態々,わざわざ,わざわざ,Adverb
2411,称する,称する,しょうする,Verb
2413,得意,得意,とくい,Noun
2413,恋愛,恋愛,れんあい,Noun
2415,意,意,い,Noun
2415,桜,桜,さくら,Noun
2417,興奮,興奮,こうふん,Noun
2417,促す,促す,うながす,Verb
2419,込める,込める,こめる,Verb
2420,囲む,囲む,かこむ,Verb
2420,存ずる,存ずる,ぞんずる,Verb
2423,仕方無い,仕方ない,しかたない,Adjective (-i)
2424,ｃｏ,co,しーおー,Noun
2425,発想,発想,はっそう,Noun
2425,コミュニケーション,コミュニケーション,こみゅにけーしょん,Noun
2425,厚い,厚い,あつい,Adjective (-i)
2429,大戦,大戦,たいせん,Noun
2429,セックス,セックス,せっくす,Noun
2431,無論,むろん,むろん,Adverb
2432,混乱,混乱,こんらん,Noun
2433,執行,執行,しっこう,Noun
2433,楽しみ,楽しみ,たのしみ,Noun
2433,網,網,あみ,Noun
2433,フジ,富士,ふじ,Noun
2437,塗る,塗る,ぬる,Verb
2437,防ぐ,防ぐ,ふせぐ,Verb
2439,付き合い,付き合い,つきあい,Noun
2439,論ずる,論ずる,ろんずる,Verb
2441,術,術,じゅつ,Noun
2441,加入,加入,かにゅう,Noun
2443,端,端,はし,Noun
2443,少々,少々,しょうしょう,Noun
2443,押さえる,抑える,おさえる,Verb
2446,交流,交流,こうりゅう,Noun
2447,注ぐ,注ぐ,そそぐ,Verb
2447,考慮,考慮,こうりょ,Noun
2449,中世,中世,ちゅうせい,Noun
2449,側面,側面,そくめん,Noun
2451,合併,合併,がっぺい,Noun
2452,大好き,大好き,だいすき,Adjectival Noun
2452,事例,事例,じれい,Noun
2452,菓子,菓子,かし,Noun
2452,念,念,ねん,Noun
2452,気配,気配,けはい,Noun
2457,好み,好み,このみ,Noun
2457,親しい,親しい,したしい,Adjective (-i)
2459,真面目,まじめ,まじめ,Adjectival Noun
2459,掃除,掃除,そうじ,Noun
2459,小学,小学,しょうがく,Noun
2459,恐れ,恐れ,おそれ,Noun
2459,予防,予防,よぼう,Noun
2459,引っ張る,引っ張る,ひっぱる,Verb
2465,恋人,恋人,こいびと,Noun
2465,要件,要件,ようけん,Noun
2465,戦闘,戦闘,せんとう,Noun
2468,大いに,大いに,おおいに,Adverb
2469,切れる,切れる,きれる,Verb
2470,実家,実家,じっか,Noun
2470,タイム■time,タイム,たいむ,Noun
2470,夕方,夕方,ゆうがた,Noun
2470,オブ,オブ,おぶ,Noun
2474,陥る,陥る,おちいる,Verb
2475,スピード,スピード,すぴーど,Noun
2476,雲,雲,くも,Noun
2477,スーパー■super,スーパー,すーぱー,Noun
2478,許可,許可,きょか,Noun
2479,統合,統合,とうごう,Noun
2480,スタート,スタート,すたーと,Noun
2481,運用,運用,うんよう,Noun
2482,体系,体系,たいけい,Noun
2483,ｉｄ,ＩＤ,あいでぃー,Noun
2483,承知,承知,しょうち,Noun
2485,帰り,帰り,かえり,Noun
2486,数える,数える,かぞえる,Verb
2486,配慮,配慮,はいりょ,Noun
2486,住所,住所,じゅうしょ,Noun
2490,生涯,生涯,しょうがい,Noun
2490,輸出,輸出,ゆしゅつ,Noun
2492,根本,根本,こんぽん,Noun
2494,願い,願い,ねがい,Noun
2495,外交,外交,がいこう,Noun
2496,粉,粉,こな,Noun
2497,列車,列車,れっしゃ,Noun
2498,隠れる,隠れる,かくれる,Verb
2499,協会,協会,きょうかい,Noun
2499,半年,半年,はんとし,Noun
2501,タクシー,タクシー,たくしー,Noun
2501,咲く,咲く,さく,Verb
2501,真剣,真剣,しんけん,Noun
2501,発送,発送,はっそう,Noun
2505,高まる,高まる,たかまる,Verb
2505,掲載,掲載,けいさい,Noun
2505,予測,予測,よそく,Noun
2508,失礼,失礼,しつれい,Noun
2508,角,角,かく,Noun
2508,ｗｗｗ,ＷＷＷ,だぶりゅーだぶりゅーだぶりゅー,Noun
2508,カマクラ,鎌倉,かまくら,Noun
2512,マイ,マイ,まい,Noun
2512,布団,布団,ふとん,Noun
2512,犠牲,犠牲,ぎせい,Noun
2512,出現,出現,しゅつげん,Noun
2516,必死,必死,ひっし,Adjectival Noun
2516,確定,確定,かくてい,Noun
2516,余程,よほど,よほど,Adverb
2519,人材,人材,じんざい,Noun
2520,獲得,獲得,かくとく,Noun
2520,暑い,暑い,あつい,Adjective (-i)
2522,素直,素直,すなお,Adjectival Noun
2522,観点,観点,かんてん,Noun
2524,仲,仲,なか,Noun
2524,幼い,幼い,おさない,Adjective (-i)
2524,漫画,漫画,まんが,Noun
2527,スタッフ■staff,スタッフ,すたっふ,Noun
2527,脂肪,脂肪,しぼう,Noun
2529,作り出す,作り出す,つくりだす,Verb
2529,学問,学問,がくもん,Noun
2529,金利,金利,きんり,Noun
2529,備える,備える,そなえる,Verb
2533,相応しい,ふさわしい,ふさわしい,Adjective (-i)
2533,見出だす,見いだす,みいだす,Verb
2533,浮かべる,浮かべる,うかべる,Verb
2537,申し上げる,申し上げる,もうしあげる,Verb
2537,晩,晩,ばん,Noun
2539,扱い,扱い,あつかい,Noun
2539,心臓,心臓,しんぞう,Noun
2539,天下,天下,てんか,Noun
2542,寄る,寄る,よる,Verb
2542,味わう,味わう,あじわう,Verb
2544,テスト,テスト,てすと,Noun
2545,正,正,せい,Noun
2545,充実,充実,じゅうじつ,Noun
2545,味噌,みそ,みそ,Noun
2548,御覧,ご覧,ごらん,Noun
2548,現地,現地,げんち,Noun
2551,洗濯,洗濯,せんたく,Noun
2552,スペイン,スペイン,すぺいん,Noun
2553,大型,大型,おおがた,Noun
2554,荷物,荷物,にもつ,Noun
2554,引用,引用,いんよう,Noun
2554,売り上げ,売り上げ,うりあげ,Noun
2554,叱る,しかる,しかる,Verb
2558,辞める,やめる,やめる,Verb
2558,帰国,帰国,きこく,Noun
2560,池,池,いけ,Noun
2560,タイ,タイ,たい,Noun
2562,法則,法則,ほうそく,Noun
2562,ニューヨーク,ニューヨーク,にゅーよーく,Noun
2564,実質,実質,じっしつ,Noun
2565,スタイル,スタイル,すたいる,Noun
2565,タイヘイ■外,大平,たいへい,Noun
2567,整える,整える,ととのえる,Verb
2568,画,画,が,Noun
2569,輪,輪,わ,Noun
2569,商売,商売,しょうばい,Noun
2569,地獄,地獄,じごく,Noun
2569,平等,平等,びょうどう,Noun
2573,チャンス,チャンス,ちゃんす,Noun
2575,以内,以内,いない,Noun
2575,丁寧,ていねい,ていねい,Adjectival Noun
2577,幼稚,幼稚,ようち,Adjectival Noun
2578,遠く,遠く,とおく,Noun
2578,幸い,幸い,さいわい,Adverb
2580,流行,流行,りゅうこう,Noun
2580,個々,個々,ここ,Noun
2582,屋根,屋根,やね,Noun
2582,青,青,あお,Noun
2582,残り,残り,のこり,Noun
2585,暮らし,暮らし,くらし,Noun
2585,彼処,かしこ,かしこ,Pronoun
2585,如何なる,いかなる,いかなる,Determiner
2588,主要,主要,しゅよう,Adjectival Noun
2588,増す,増す,ます,Verb
2588,弟子,弟子,でし,Noun
2588,訴訟,訴訟,そしょう,Noun
2592,一気,一気,いっき,Noun
2594,震える,震える,ふるえる,Verb
2594,付近,付近,ふきん,Noun
2596,汁,汁,つゆ,Noun
2596,代わる,代わる,かわる,Verb
2596,幸福,幸福,こうふく,Noun
2596,普及,普及,ふきゅう,Noun
2601,辿る,たどる,たどる,Verb
2601,其れは,それは,それは,Pronoun
2603,今夜,今夜,こんや,Noun
2604,試す,試す,ためす,Verb
2604,申し訳,申し訳,もうしわけ,Noun
2604,感染,感染,かんせん,Noun
2607,対処,対処,たいしょ,Noun
2607,受験,受験,じゅけん,Noun
2607,彼方,かなた,かなた,Pronoun
2607,偶々,たまたま,たまたま,Adverb
2607,久しい,久しい,ひさしい,Adjective (-i)
2612,候補,候補,こうほ,Noun
2613,好む,好む,このむ,Verb
2613,吹く,吹く,ふく,Verb
2615,農民,農民,のうみん,Noun
2616,ショップ,ショップ,しょっぷ,Noun
2616,接続,接続,せつぞく,Noun
2618,賞,賞,しょう,Noun
2618,偶然,偶然,ぐうぜん,Noun
2618,要,要,よう,Noun
2618,踊る,踊る,おどる,Verb
2618,基地,基地,きち,Noun
2618,出席,出席,しゅっせき,Noun
2625,不幸,不幸,ふこう,Noun
2625,両者,両者,りょうしゃ,Noun
2625,依存,依存,いぞん,Noun
2629,防止,防止,ぼうし,Noun
2629,博物,博物,はくぶつ,Noun
2631,盛ん,盛ん,さかん,Adjectival Noun
2632,巻く,巻く,まく,Verb
2632,忽ち,たちまち,たちまち,Adverb
2632,中身,中身,なかみ,Noun
2635,方面,方面,ほうめん,Noun
2635,天井,天井,てんじょう,Noun
2637,タイワン,台湾,たいわん,Noun
2637,積む,積む,つむ,Verb
2640,増やす,増やす,ふやす,Verb
2640,反映,反映,はんえい,Noun
2642,自覚,自覚,じかく,Noun
2644,アパート,アパート,あぱーと,Noun
2645,成績,成績,せいせき,Noun
2645,半島,半島,はんとう,Noun
2645,セット,セット,せっと,Noun
2645,大勢,おおぜい,おおぜい,Noun
2649,加減,加減,かげん,Noun
2649,本気,本気,ほんき,Noun
2649,演奏,演奏,えんそう,Noun
2652,そっと,そっと,そっと,Adverb
2652,取り分け,とりわけ,とりわけ,Adverb
2656,補助,補助,ほじょ,Noun
2656,痩せる,やせる,やせる,Verb
2658,折,おり,おり,Noun
2658,下手,下手,へた,Noun
2658,棒,棒,ぼう,Noun
2658,左手,左手,ひだりて,Noun
2662,六千,六千,ろくせん,Noun
2663,定期,定期,ていき,Noun
2664,口座,口座,こうざ,Noun
2664,知事,知事,ちじ,Noun
2664,敢えて,あえて,あえて,Adverb
2664,イスラム,イスラム,いすらむ,Noun
2664,原稿,原稿,げんこう,Noun
2669,筋肉,筋肉,きんにく,Noun
2671,予約,予約,よやく,Noun
2671,実態,実態,じったい,Noun
2671,税金,税金,ぜいきん,Noun
2674,蔵,蔵,くら,Noun
2675,飾る,飾る,かざる,Verb
2676,飼う,飼う,かう,Verb
2676,揃う,そろう,そろう,Verb
2678,武器,武器,ぶき,Noun
2679,ナゴヤ,名古屋,なごや,Noun
2680,ノート,ノート,のーと,Noun
2681,パターン,パターン,ぱたーん,Noun
2681,レストラン,レストラン,れすとらん,Noun
2681,本物,本物,ほんもの,Noun
2681,噛む,かむ,かむ,Verb
2685,皇帝,皇帝,こうてい,Noun
2685,配置,配置,はいち,Noun
2685,会員,会員,かいいん,Noun
2685,邪魔,邪魔,じゃま,Noun
2689,ベスト■best,ベスト,べすと,Noun
2689,日曜,日曜,にちよう,Noun
2689,堪る,たまる,たまる,Verb
2693,鍋,なべ,なべ,Noun
2694,特許,特許,とっきょ,Noun
2695,人工,人工,じんこう,Noun
2695,陸軍,陸軍,りくぐん,Noun
2695,指揮,指揮,しき,Noun
2695,英国,英国,えいこく,Noun
2699,共有,共有,きょうゆう,Noun
2699,直ちに,直ちに,ただちに,Adverb
2699,測る,測る,はかる,Verb
2702,砂糖,砂糖,さとう,Noun
2702,道徳,道徳,どうとく,Noun
2704,数学,数学,すうがく,Noun
2707,頼る,頼る,たよる,Verb
2707,模様,模様,もよう,Noun
2707,竜,竜,りゅう,Noun
2711,名称,名称,めいしょう,Noun
2711,順,順,じゅん,Noun
2713,そろそろ,そろそろ,そろそろ,Adverb
2713,課税,課税,かぜい,Noun
2715,余計,余計,よけい,Adjectival Noun
2715,育児,育児,いくじ,Noun
2717,カー,カー,かー,Noun
2717,問い,問,とい,Noun
2719,自立,自立,じりつ,Noun
2719,芸能,芸能,げいのう,Noun
2719,賠償,賠償,ばいしょう,Noun
2722,買い物,買い物,かいもの,Noun
2723,金属,金属,きんぞく,Noun
2723,メニュー,メニュー,めにゅー,Noun
2723,高級,高級,こうきゅう,Noun
2723,動作,動作,どうさ,Noun
2727,貴族,貴族,きぞく,Noun
2727,要請,要請,ようせい,Noun
2730,嫌う,嫌う,きらう,Verb
2730,直,直,ちょく,Adjectival Noun
2730,本格,本格,ほんかく,Noun
2733,便,便,びん,Noun
2733,親子,親子,おやこ,Noun
2735,収益,収益,しゅうえき,Noun
2735,治る,治る,なおる,Verb
2735,無事,無事,ぶじ,Noun
2740,手数,手数,てすう,Noun
2740,毛,毛,け,Noun
2740,探る,探る,さぐる,Verb
2743,体重,体重,たいじゅう,Noun
2743,民衆,民衆,みんしゅう,Noun
2743,構築,構築,こうちく,Noun
2743,糸,糸,いと,Noun
2743,平気,平気,へいき,Noun
2743,有り難い,ありがたい,ありがたい,Adjective (-i)
2749,ギリシャ,ギリシャ,ぎりしゃ,Noun
2749,女房,女房,にょうぼう,Noun
2749,大陸,大陸,たいりく,Noun
2752,ツー■to,ツー,つー,Noun
2752,満ちる,満ちる,みちる,Verb
2754,映る,映る,うつる,Verb
2755,醤油,しょうゆ,しょうゆ,Noun
2755,坊,坊,ぼう,Noun
2755,踏む,踏む,ふむ,Verb
2758,突く,つく,つく,Verb
2758,孫,孫,まご,Noun
2760,様式,様式,ようしき,Noun
2760,皿,皿,さら,Noun
2760,正月,正月,しょうがつ,Noun
2760,給付,給付,きゅうふ,Noun
2764,触る,触る,さわる,Verb
2764,未だ未だ,まだまだ,まだまだ,Adverb
2767,原子,原子,げんし,Noun
2767,筆者,筆者,ひっしゃ,Noun
2769,自衛,自衛,じえい,Noun
2769,怪我,けが,けが,Noun
2771,列,列,れつ,Noun
2771,猿,猿,さる,Noun
2771,並み,並み,なみ,Noun
2771,カップ,カップ,かっぷ,Noun
2775,修正,修正,しゅうせい,Noun
2775,遭う,あう,あう,Verb
2777,枝,枝,えだ,Noun
2777,シャツ,シャツ,しゃつ,Noun
2779,温度,温度,おんど,Noun
2779,後者,後者,こうしゃ,Noun
2782,トラブル,トラブル,とらぶる,Noun
2782,マスコミ,マスコミ,ますこみ,Noun
2784,吸収,吸収,きゅうしゅう,Noun
2784,溜まる,たまる,たまる,Verb
2788,固い,固い,かたい,Adjective (-i)
2788,プラス,プラス,ぷらす,Noun
2790,自民,自民,じみん,Noun
2790,主に,主に,おもに,Adverb
2790,泊まる,泊まる,とまる,Verb
2790,排除,排除,はいじょ,Noun
2795,シート■sheet,シート,しーと,Noun
2796,圧倒,圧倒,あっとう,Noun
2796,オランダ,オランダ,おらんだ,Noun
2798,重大,重大,じゅうだい,Adjectival Noun
2798,権限,権限,けんげん,Noun
2798,説得,説得,せっとく,Noun
2801,交ぜる,混ぜる,まぜる,Verb
2801,部隊,部隊,ぶたい,Noun
2801,ポケット,ポケット,ぽけっと,Noun
2805,急速,急速,きゅうそく,Adjectival Noun
2805,飛び出す,飛び出す,とびだす,Verb
2807,兵士,兵士,へいし,Noun
2808,勇気,勇気,ゆうき,Noun
2808,乾燥,乾燥,かんそう,Noun
2810,個性,個性,こせい,Noun
2810,農村,農村,のうそん,Noun
2810,大手,大手,おおて,Noun
2810,曖昧,あいまい,あいまい,Adjectival Noun
2814,思い出,思い出,おもいで,Noun
2816,埋める,埋める,うめる,Verb
2817,役所,役所,やくしょ,Noun
2817,長官,長官,ちょうかん,Noun
2820,機嫌,機嫌,きげん,Noun
2820,序で,次いで,ついで,Noun
2822,褒める,ほめる,ほめる,Verb
2822,此奴,こいつ,こいつ,Pronoun
2822,爆発,爆発,ばくはつ,Noun
2822,巣,巣,す,Noun
2826,比率,比率,ひりつ,Noun
2827,幹部,幹部,かんぶ,Noun
2827,収める,収める,おさめる,Verb
2829,ナガサキ,長崎,ながさき,Noun
2829,ベース■base,ベース,べーす,Noun
2829,用語,用語,ようご,Noun
2833,ロンドン,ロンドン,ろんどん,Noun
2834,方々,かたがた,かたがた,Noun
2834,動機,動機,どうき,Noun
2834,統計,統計,とうけい,Noun
2837,防衛,防衛,ぼうえい,Noun
2837,行使,行使,こうし,Noun
2839,ラジオ,ラジオ,らじお,Noun
2840,券,券,けん,Noun
2840,個別,個別,こべつ,Noun
2840,官僚,官僚,かんりょう,Noun
2843,マイナス,－,まいなす,Noun
2843,見上げる,見上げる,みあげる,Verb
2843,蛋白,たんぱく,たんぱく,Noun
2847,通知,通知,つうち,Noun
2848,開催,開催,かいさい,Noun
2848,停止,停止,ていし,Noun
2848,運,運,うん,Noun
2848,正式,正式,せいしき,Adjectival Noun
2852,牛,牛,うし,Noun
2853,矛盾,矛盾,むじゅん,Noun
2853,職人,職人,しょくにん,Noun
2855,ローン■loan,ローン,ろーん,Noun
2856,早速,さっそく,さっそく,Adverb
2856,大声,大声,おおごえ,Noun
2858,砂,砂,すな,Noun
2858,遺跡,遺跡,いせき,Noun
2858,成分,成分,せいぶん,Noun
2858,カンサイ,関西,かんさい,Noun
2858,晒す,さらす,さらす,Verb
2863,凡そ,およそ,およそ,Adverb
2863,予め,あらかじめ,あらかじめ,Adverb
2863,正当,正当,せいとう,Noun
2863,我が家,わが家,わがや,Noun
2863,放つ,放つ,はなつ,Verb
2868,イエヤス,家康,いえやす,Noun
2869,申請,申請,しんせい,Noun
2869,バック,バック,ばっく,Noun
2869,入学,入学,にゅうがく,Noun
2869,奇妙,奇妙,きみょう,Adjectival Noun
2873,勤める,勤める,つとめる,Verb
2874,中間,中間,ちゅうかん,Noun
2875,解く,解く,とく,Verb
2875,実感,実感,じっかん,Noun
2877,控除,控除,こうじょ,Noun
2877,浴びる,浴びる,あびる,Verb
2877,研修,研修,けんしゅう,Noun
2880,失業,失業,しつぎょう,Noun
2880,成り立つ,成り立つ,なりたつ,Verb
2880,前述,前述,ぜんじゅつ,Noun
2880,印,印,しるし,Noun
2880,機構,機構,きこう,Noun
2880,延長,延長,えんちょう,Noun
2886,フリー■free,フリー,ふりー,Noun
2886,漂う,漂う,ただよう,Verb
2886,拭く,ふく,ふく,Verb
2889,犯す,犯す,おかす,Verb
2889,映像,映像,えいぞう,Noun
2889,苦しむ,苦しむ,くるしむ,Verb
2892,果たして,果たして,はたして,Adverb
2892,築く,築く,きずく,Verb
2892,基盤,基盤,きばん,Noun
2892,知的,知的,ちてき,Adjectival Noun
2896,冗談,冗談,じょうだん,Noun
2896,帝,帝,みかど,Noun
2896,微か,かすか,かすか,Adjectival Noun
2899,確信,確信,かくしん,Noun
2900,高速,高速,こうそく,Noun
2900,人数,人数,にんずう,Noun
2900,成る可く,なるべく,なるべく,Adverb
2903,ボランティア,ボランティア,ぼらんてぃあ,Noun
2903,譲渡,譲渡,じょうと,Noun
2903,結び付く,結びつく,むすびつく,Verb
2907,ｃｍ,ＣＭ,しーえむ,Noun
2907,流通,流通,りゅうつう,Noun
2907,内側,内側,うちがわ,Noun
2910,不良,不良,ふりょう,Noun
2910,軍隊,軍隊,ぐんたい,Noun
2912,交わす,交わす,かわす,Verb
2912,溜め息,ため息,ためいき,Noun
2912,塔,塔,とう,Noun
2915,当事,当事,とうじ,Noun
2916,給料,給料,きゅうりょう,Noun
2916,例外,例外,れいがい,Noun
2916,見解,見解,けんかい,Noun
2919,大した,たいした,たいした,Determiner
2921,たっぷり,たっぷり,たっぷり,Adverb
2923,栽培,栽培,さいばい,Noun
2923,メモ,メモ,めも,Noun
2923,反する,反する,はんする,Verb
2923,上下,上下,じょうげ,Noun
2927,担う,担う,になう,Verb
2927,話し合う,話し合う,はなしあう,Verb
2929,司令,司令,しれい,Noun
2929,経,経,きょう,Noun
2929,直前,直前,ちょくぜん,Noun
2932,理事,理事,りじ,Noun
2932,物理,物理,ぶつり,Noun
2932,真っ直ぐ,まっすぐ,まっすぐ,Adjectival Noun
2935,知り合い,知り合い,しりあい,Noun
2935,専用,専用,せんよう,Noun
2935,借金,借金,しゃっきん,Noun
2935,他者,他者,たしゃ,Noun
2940,導く,導く,みちびく,Verb
2940,進歩,進歩,しんぽ,Noun
2942,物凄い,ものすごい,ものすごい,Adjective (-i)
2942,初心,初心,しょしん,Noun
2945,此の頃,このごろ,このごろ,Noun
2946,瓶,瓶,びん,Noun
2947,反省,反省,はんせい,Noun
2947,各種,各種,かくしゅ,Noun
2949,無くす,なくす,なくす,Verb
2950,況して,まして,まして,Adverb
2950,引き受ける,引き受ける,ひきうける,Verb
2952,事前,事前,じぜん,Noun
2952,深刻,深刻,しんこく,Adjectival Noun
2952,次ぐ,次ぐ,つぐ,Verb
2952,倫理,倫理,りんり,Noun
2952,ショー,ショー,しょー,Noun
2952,マンシュウ,満州,まんしゅう,Noun
2958,促進,促進,そくしん,Noun
2958,テープ,テープ,てーぷ,Noun
2958,壊れる,壊れる,こわれる,Verb
2961,放る,放る,ほうる,Verb
2961,大会,大会,たいかい,Noun
2961,対抗,対抗,たいこう,Noun
2961,大衆,大衆,たいしゅう,Noun
2961,敷く,敷く,しく,Verb
2966,地面,地面,じめん,Noun
2966,賃金,賃金,ちんぎん,Noun
2968,差し出す,差し出す,さしだす,Verb
2968,田舎,田舎,いなか,Noun
2968,チャンネル,チャンネル,ちゃんねる,Noun
2968,愛情,愛情,あいじょう,Noun
2968,漢字,漢字,かんじ,Noun
2968,ｕｒｌ,ＵＲＬ,ゆーあーるえる,Noun
2968,受け止める,受け止める,うけとめる,Verb
2975,留守,留守,るす,Noun
2975,故郷,故郷,こきょう,Noun
2975,ハウス,ハウス,はうす,Noun
2975,近年,近年,きんねん,Noun
2975,アンド,＆,あんど,Noun
2975,懐かしい,懐かしい,なつかしい,Adjective (-i)
2981,客観,客観,きゃっかん,Noun
2982,下す,下す,くだす,Verb
2982,監視,監視,かんし,Noun
2982,国語,国語,こくご,Noun
2982,宅,宅,たく,Noun
2982,貴重,貴重,きちょう,Adjectival Noun
2987,プロジェクト,プロジェクト,ぷろじぇくと,Noun
2987,修理,修理,しゅうり,Noun
2987,試みる,試みる,こころみる,Verb
2991,湾,湾,わん,Noun
2991,分離,分離,ぶんり,Noun
2991,ヒロシマ,広島,ひろしま,Noun
2995,変動,変動,へんどう,Noun
2996,光景,光景,こうけい,Noun
2996,他方,他方,たほう,Noun
2996,測定,測定,そくてい,Noun
2996,載せる,載せる,のせる,Verb